Date,Meditation,Exercise,Healthy Meal,Junk Food,Alcohol,Steps (thousands),Water Glasses,Hours of Sleep,Mood Notes
2022-01-01,Yes,Yes,Yes,No,Yes,17,5,5,Tired ğŸ˜´
2022-01-02,No,No,Yes,Yes,No,9,0,12,Meh ğŸ˜
2022-01-03,No,Yes,Yes,No,Yes,3,4,3,Energetic âš¡
2022-01-04,No,No,Yes,,No,9,2,11,Happy ğŸ˜Š
2022-01-05,Yes,Yes,Yes,No,No,13,6,12,Great! ğŸŒŸ
2022-01-06,No,No,No,No,No,11,0,7,Meh ğŸ˜
2022-01-07,Yes,Yes,Yes,Yes,No,0,10,4,Happy ğŸ˜Š
2022-01-08,Yes,Yes,Yes,No,Yes,20,8,10,Tired ğŸ˜´
2022-01-09,Yes,No,Yes,No,Yes,8,4,4,Energetic âš¡
2022-01-10,Yes,Yes,No,No,No,18,12,9,Great! ğŸŒŸ
2022-01-11,Yes,,Yes,Yes,Yes,3,3,6,Energetic âš¡
2022-01-12,Yes,Yes,Yes,Yes,Yes,12,5,11,Meh ğŸ˜
2022-01-13,Yes,Yes,No,Yes,No,11,8,7,Tired ğŸ˜´
2022-01-14,No,Yes,No,No,No,18,11,7,Great! ğŸŒŸ
2022-01-15,Yes,Yes,Yes,No,Yes,16,5,7,Great! ğŸŒŸ
2022-01-16,Yes,,Yes,Yes,No,15,1,3,Tired ğŸ˜´
2022-01-17,No,Yes,No,No,No,4,3,5,Happy ğŸ˜Š
2022-01-18,Yes,Yes,Yes,Yes,Yes,17,0,6,Happy ğŸ˜Š
2022-01-19,Yes,Yes,Yes,No,No,10,12,10,Energetic âš¡
2022-01-20,Yes,Yes,Yes,No,No,15,11,7,Happy ğŸ˜Š
2022-01-21,No,No,Yes,No,Yes,7,1,6,Meh ğŸ˜
2022-01-22,No,Yes,Yes,No,Yes,17,11,11,Tired ğŸ˜´
2022-01-23,Yes,No,Yes,Yes,No,13,3,11,Tired ğŸ˜´
2022-01-24,No,Yes,No,No,Yes,4,9,3,Tired ğŸ˜´
2022-01-25,Yes,Yes,No,No,No,4,6,7,Great! ğŸŒŸ
2022-01-26,No,Yes,Yes,No,No,11,1,5,Happy ğŸ˜Š
2022-01-27,Yes,No,No,Yes,Yes,9,9,4,Tired ğŸ˜´
2022-01-28,No,Yes,Yes,No,Yes,16,8,9,Great! ğŸŒŸ
2022-01-29,Yes,Yes,Yes,Yes,Yes,7,5,12,Great! ğŸŒŸ
2022-01-30,Yes,Yes,Yes,No,No,13,8,8,Great! ğŸŒŸ
2022-01-31,Yes,No,Yes,No,No,13,1,6,Energetic âš¡
2022-02-01,Yes,No,Yes,No,No,14,1,5,Happy ğŸ˜Š
2022-02-02,Yes,No,Yes,Yes,No,9,5,4,Meh ğŸ˜
2022-02-03,Yes,Yes,Yes,No,No,9,7,3,Energetic âš¡
2022-02-04,Yes,No,,No,No,15,0,7,
2022-02-05,Yes,Yes,No,Yes,No,15,1,11,Meh ğŸ˜
2022-02-06,Yes,No,Yes,No,No,13,10,8,Meh ğŸ˜
2022-02-07,No,No,Yes,No,No,20,0,3,Great! ğŸŒŸ
2022-02-08,No,Yes,Yes,No,No,12,12,7,Tired ğŸ˜´
2022-02-09,Yes,Yes,No,No,No,15,2,7,Tired ğŸ˜´
2022-02-10,Yes,Yes,Yes,No,No,2,1,7,Energetic âš¡
2022-02-11,Yes,Yes,Yes,No,No,3,0,8,Tired ğŸ˜´
2022-02-12,Yes,No,Yes,No,No,3,6,7,Tired ğŸ˜´
2022-02-13,Yes,Yes,No,No,No,17,5,9,Happy ğŸ˜Š
2022-02-14,Yes,No,Yes,No,No,0,9,4,Energetic âš¡
2022-02-15,Yes,Yes,Yes,No,,20,2,3,Great! ğŸŒŸ
2022-02-16,No,Yes,Yes,Yes,No,13,5,11,Great! ğŸŒŸ
2022-02-17,Yes,Yes,No,No,No,4,4,3,Tired ğŸ˜´
2022-02-18,No,Yes,Yes,No,Yes,9,4,5,Happy ğŸ˜Š
2022-02-19,Yes,Yes,Yes,Yes,No,19,5,10,Happy ğŸ˜Š
2022-02-20,Yes,Yes,Yes,Yes,Yes,0,2,5,Meh ğŸ˜
2022-02-21,Yes,Yes,Yes,No,Yes,11,12,6,Happy ğŸ˜Š
2022-02-22,Yes,Yes,No,No,Yes,16,9,6,Happy ğŸ˜Š
2022-02-23,No,Yes,Yes,Yes,Yes,6,5,3,Meh ğŸ˜
2022-02-24,No,Yes,No,Yes,Yes,15,0,7,Energetic âš¡
2022-02-25,Yes,Yes,No,Yes,No,10,0,5,Happy ğŸ˜Š
2022-02-26,Yes,Yes,Yes,Yes,Yes,12,11,6,Happy ğŸ˜Š
2022-02-27,Yes,No,No,No,No,8,8,12,Happy ğŸ˜Š
2022-02-28,No,Yes,Yes,No,Yes,0,4,4,Great! ğŸŒŸ
2022-03-01,Yes,Yes,Yes,Yes,Yes,20,1,5,Great! ğŸŒŸ
2022-03-02,Yes,Yes,Yes,No,Yes,4,5,9,Happy ğŸ˜Š
2022-03-03,Yes,Yes,Yes,No,Yes,17,1,3,Energetic âš¡
2022-03-04,No,Yes,Yes,Yes,Yes,6,12,12,Great! ğŸŒŸ
2022-03-05,No,No,Yes,Yes,No,17,6,3,Great! ğŸŒŸ
2022-03-06,Yes,Yes,No,No,No,16,0,7,Tired ğŸ˜´
2022-03-07,,No,No,Yes,No,12,11,8,Meh ğŸ˜
2022-03-08,No,Yes,No,No,Yes,8,5,12,Great! ğŸŒŸ
2022-03-09,No,Yes,No,No,No,7,6,7,Happy ğŸ˜Š
2022-03-10,Yes,Yes,Yes,Yes,No,17,4,12,Energetic âš¡
2022-03-11,No,Yes,No,No,No,12,4,7,Tired ğŸ˜´
2022-03-12,Yes,No,Yes,Yes,No,5,1,3,Great! ğŸŒŸ
2022-03-13,Yes,Yes,Yes,No,Yes,16,2,4,Great! ğŸŒŸ
2022-03-14,Yes,Yes,Yes,No,Yes,0,9,8,Happy ğŸ˜Š
2022-03-15,Yes,No,Yes,No,Yes,11,2,7,Energetic âš¡
2022-03-16,Yes,Yes,,Yes,No,9,12,5,Great! ğŸŒŸ
2022-03-17,Yes,No,No,No,No,4,10,9,Tired ğŸ˜´
2022-03-18,Yes,Yes,Yes,No,No,11,8,3,Tired ğŸ˜´
2022-03-19,Yes,Yes,Yes,Yes,No,,7,5,Great! ğŸŒŸ
2022-03-20,No,No,No,No,No,7,2,4,Tired ğŸ˜´
2022-03-21,Yes,No,No,No,No,6,7,7,Energetic âš¡
2022-03-22,Yes,Yes,No,Yes,No,3,6,3,Tired ğŸ˜´
2022-03-23,Yes,,Yes,No,Yes,13,3,12,Meh ğŸ˜
2022-03-24,Yes,Yes,Yes,Yes,No,2,10,11,Great! ğŸŒŸ
2022-03-25,No,Yes,Yes,Yes,No,3,0,6,Happy ğŸ˜Š
2022-03-26,No,Yes,No,No,Yes,13,7,9,Happy ğŸ˜Š
2022-03-27,Yes,Yes,No,No,No,5,8,5,Happy ğŸ˜Š
2022-03-28,No,Yes,No,No,No,15,4,4,Great! ğŸŒŸ
2022-03-29,Yes,Yes,Yes,Yes,No,18,12,4,Tired ğŸ˜´
2022-03-30,No,Yes,Yes,Yes,No,15,1,10,Great! ğŸŒŸ
2022-03-31,Yes,No,Yes,No,Yes,16,11,3,Happy ğŸ˜Š
2022-04-01,No,Yes,Yes,Yes,No,15,4,11,Happy ğŸ˜Š
2022-04-02,Yes,No,Yes,No,Yes,18,11,5,Energetic âš¡
2022-04-03,Yes,Yes,Yes,Yes,No,10,4,7,Tired ğŸ˜´
2022-04-04,No,Yes,No,No,Yes,4,0,12,Meh ğŸ˜
2022-04-05,Yes,No,Yes,No,Yes,4,0,12,Energetic âš¡
2022-04-06,Yes,No,No,No,Yes,11,1,9,Meh ğŸ˜
2022-04-07,Yes,Yes,No,No,No,17,6,10,Meh ğŸ˜
2022-04-08,No,No,Yes,No,No,13,7,11,Tired ğŸ˜´
2022-04-09,Yes,No,Yes,No,No,1,5,8,Great! ğŸŒŸ
2022-04-10,Yes,Yes,Yes,Yes,Yes,8,11,3,Energetic âš¡
2022-04-11,Yes,Yes,Yes,No,No,4,6,3,Meh ğŸ˜
2022-04-12,Yes,No,No,No,No,18,3,3,Great! ğŸŒŸ
2022-04-13,Yes,Yes,Yes,Yes,No,3,5,8,Happy ğŸ˜Š
2022-04-14,Yes,Yes,Yes,No,No,16,7,4,Happy ğŸ˜Š
2022-04-15,Yes,Yes,Yes,No,Yes,11,7,8,Energetic âš¡
2022-04-16,Yes,Yes,Yes,No,Yes,9,6,12,Energetic âš¡
2022-04-17,Yes,Yes,Yes,No,No,,0,4,Great! ğŸŒŸ
2022-04-18,No,Yes,Yes,Yes,No,12,9,9,Great! ğŸŒŸ
2022-04-19,Yes,No,No,Yes,Yes,15,2,7,Happy ğŸ˜Š
2022-04-20,Yes,No,Yes,Yes,No,17,11,9,Great! ğŸŒŸ
2022-04-21,Yes,No,Yes,No,No,9,1,12,Meh ğŸ˜
2022-04-22,No,Yes,No,No,Yes,17,10,8,Meh ğŸ˜
2022-04-23,No,Yes,Yes,No,Yes,19,11,10,Energetic âš¡
2022-04-24,Yes,No,Yes,No,No,18,3,3,Meh ğŸ˜
2022-04-25,Yes,Yes,Yes,Yes,Yes,11,2,4,Energetic âš¡
2022-04-26,No,Yes,Yes,No,No,11,1,7,Tired ğŸ˜´
2022-04-27,No,Yes,Yes,No,No,15,6,8,Great! ğŸŒŸ
2022-04-28,Yes,Yes,No,No,No,5,11,3,Meh ğŸ˜
2022-04-29,Yes,No,Yes,No,No,17,6,7,Great! ğŸŒŸ
2022-04-30,Yes,Yes,Yes,No,No,14,1,12,Great! ğŸŒŸ
2022-05-01,Yes,No,No,No,No,4,5,5,Great! ğŸŒŸ
2022-05-02,Yes,Yes,Yes,No,,2,6,6,Happy ğŸ˜Š
2022-05-03,No,Yes,Yes,No,No,16,0,6,Meh ğŸ˜
2022-05-04,Yes,Yes,Yes,No,No,17,8,8,Meh ğŸ˜
2022-05-05,No,Yes,No,Yes,No,15,1,7,Great! ğŸŒŸ
2022-05-06,Yes,Yes,No,No,No,,2,8,Tired ğŸ˜´
2022-05-07,Yes,Yes,Yes,No,No,1,8,10,Energetic âš¡
2022-05-08,No,Yes,No,No,No,3,9,3,Happy ğŸ˜Š
2022-05-09,Yes,Yes,No,Yes,No,3,12,11,Energetic âš¡
2022-05-10,No,No,No,Yes,Yes,11,9,4,Meh ğŸ˜
2022-05-11,Yes,Yes,No,Yes,No,18,4,7,Meh ğŸ˜
2022-05-12,Yes,No,Yes,Yes,Yes,13,10,5,Great! ğŸŒŸ
2022-05-13,No,No,Yes,No,No,20,4,4,Happy ğŸ˜Š
2022-05-14,No,No,Yes,No,Yes,14,4,3,Energetic âš¡
2022-05-15,Yes,Yes,Yes,No,No,7,5,3,Great! ğŸŒŸ
2022-05-16,Yes,Yes,Yes,No,No,7,8,8,Great! ğŸŒŸ
2022-05-17,Yes,Yes,Yes,No,No,11,1,3,Meh ğŸ˜
2022-05-18,No,No,Yes,Yes,No,11,3,10,Meh ğŸ˜
2022-05-19,Yes,Yes,No,No,Yes,8,3,3,Tired ğŸ˜´
2022-05-20,Yes,Yes,No,No,Yes,13,10,4,Energetic âš¡
2022-05-21,No,Yes,Yes,No,No,5,5,11,Tired ğŸ˜´
2022-05-22,Yes,Yes,No,No,Yes,8,3,7,Meh ğŸ˜
2022-05-23,No,Yes,Yes,No,Yes,20,0,7,Energetic âš¡
2022-05-24,Yes,Yes,No,No,No,17,2,11,Meh ğŸ˜
2022-05-25,No,Yes,No,No,No,20,9,7,Great! ğŸŒŸ
2022-05-26,Yes,No,Yes,No,Yes,20,0,9,Great! ğŸŒŸ
2022-05-27,Yes,Yes,Yes,No,No,9,4,10,Great! ğŸŒŸ
2022-05-28,No,No,Yes,Yes,Yes,6,11,4,Great! ğŸŒŸ
2022-05-29,Yes,No,Yes,No,No,10,12,3,Meh ğŸ˜
2022-05-30,Yes,Yes,Yes,No,Yes,16,6,7,Meh ğŸ˜
2022-05-31,Yes,No,Yes,No,No,14,4,9,Meh ğŸ˜
2022-06-01,Yes,No,Yes,No,No,0,3,4,Energetic âš¡
2022-06-02,Yes,Yes,Yes,No,Yes,3,10,12,Meh ğŸ˜
2022-06-03,Yes,Yes,Yes,No,No,11,2,12,Meh ğŸ˜
2022-06-04,Yes,Yes,Yes,No,No,15,10,8,Energetic âš¡
2022-06-05,Yes,No,Yes,No,Yes,18,0,7,Happy ğŸ˜Š
2022-06-06,No,No,Yes,Yes,No,1,12,12,Great! ğŸŒŸ
2022-06-07,No,Yes,Yes,No,No,5,9,5,Great! ğŸŒŸ
2022-06-08,Yes,No,Yes,No,Yes,5,10,3,Happy ğŸ˜Š
2022-06-09,No,Yes,Yes,No,No,16,10,8,Great! ğŸŒŸ
2022-06-10,No,No,Yes,No,No,20,2,12,Energetic âš¡
2022-06-11,No,No,Yes,No,No,14,3,3,Happy ğŸ˜Š
2022-06-12,Yes,No,No,Yes,No,12,0,6,Great! ğŸŒŸ
2022-06-13,Yes,No,Yes,No,No,7,1,9,Tired ğŸ˜´
2022-06-14,Yes,No,Yes,Yes,No,20,6,9,Meh ğŸ˜
2022-06-15,Yes,Yes,Yes,Yes,No,0,4,10,Meh ğŸ˜
2022-06-16,No,Yes,Yes,No,Yes,4,0,10,Great! ğŸŒŸ
2022-06-17,Yes,Yes,Yes,No,No,13,1,11,Energetic âš¡
2022-06-18,Yes,No,Yes,Yes,No,7,3,8,Meh ğŸ˜
2022-06-19,No,No,Yes,No,No,10,2,12,Energetic âš¡
2022-06-20,No,No,Yes,Yes,No,20,4,6,Great! ğŸŒŸ
2022-06-21,Yes,No,Yes,No,Yes,18,8,6,Meh ğŸ˜
2022-06-22,Yes,Yes,Yes,No,Yes,16,1,10,Tired ğŸ˜´
2022-06-23,No,Yes,Yes,Yes,No,15,7,4,Happy ğŸ˜Š
2022-06-24,Yes,Yes,No,No,No,1,11,8,Happy ğŸ˜Š
2022-06-25,Yes,Yes,Yes,No,No,20,2,3,Tired ğŸ˜´
2022-06-26,Yes,Yes,No,Yes,No,11,3,4,Great! ğŸŒŸ
2022-06-27,Yes,Yes,Yes,Yes,Yes,9,6,7,Happy ğŸ˜Š
2022-06-28,No,Yes,Yes,Yes,No,16,7,4,Energetic âš¡
2022-06-29,No,No,No,Yes,No,12,5,6,Meh ğŸ˜
2022-06-30,No,Yes,No,No,No,13,8,11,Great! ğŸŒŸ
2022-07-01,Yes,Yes,Yes,No,No,11,0,5,Great! ğŸŒŸ
2022-07-02,Yes,Yes,Yes,No,No,10,9,10,Meh ğŸ˜
2022-07-03,Yes,No,Yes,No,Yes,8,6,,Great! ğŸŒŸ
2022-07-04,Yes,No,No,No,No,15,1,8,Great! ğŸŒŸ
2022-07-05,Yes,Yes,Yes,Yes,Yes,0,7,10,Tired ğŸ˜´
2022-07-06,No,Yes,Yes,No,No,17,,10,Tired ğŸ˜´
2022-07-07,Yes,Yes,Yes,Yes,Yes,7,0,8,Tired ğŸ˜´
2022-07-08,No,Yes,Yes,Yes,No,19,11,5,Great! ğŸŒŸ
2022-07-09,Yes,Yes,No,No,No,16,12,11,Tired ğŸ˜´
2022-07-10,Yes,Yes,No,No,Yes,15,3,9,Energetic âš¡
2022-07-11,Yes,Yes,Yes,No,No,17,3,4,Happy ğŸ˜Š
2022-07-12,Yes,No,No,No,Yes,17,7,11,Happy ğŸ˜Š
2022-07-13,Yes,Yes,Yes,No,No,,11,4,
2022-07-14,Yes,Yes,Yes,No,No,3,11,3,Energetic âš¡
2022-07-15,No,No,Yes,No,Yes,8,12,9,Tired ğŸ˜´
2022-07-16,Yes,No,No,No,Yes,20,0,4,Happy ğŸ˜Š
2022-07-17,Yes,Yes,Yes,No,Yes,13,5,9,Tired ğŸ˜´
2022-07-18,Yes,No,Yes,No,No,13,12,9,Energetic âš¡
2022-07-19,Yes,Yes,Yes,No,No,19,12,7,Great! ğŸŒŸ
2022-07-20,Yes,Yes,Yes,Yes,No,20,10,8,Tired ğŸ˜´
2022-07-21,Yes,Yes,Yes,Yes,Yes,8,10,9,Great! ğŸŒŸ
2022-07-22,Yes,Yes,Yes,No,Yes,9,11,6,Great! ğŸŒŸ
2022-07-23,No,Yes,No,Yes,No,12,10,9,Energetic âš¡
2022-07-24,No,Yes,No,Yes,No,3,9,3,Great! ğŸŒŸ
2022-07-25,Yes,Yes,No,No,No,9,3,10,Happy ğŸ˜Š
2022-07-26,Yes,Yes,Yes,No,Yes,16,8,8,Great! ğŸŒŸ
2022-07-27,No,Yes,Yes,No,No,6,8,6,Happy ğŸ˜Š
2022-07-28,No,Yes,Yes,Yes,Yes,14,6,10,Energetic âš¡
2022-07-29,Yes,Yes,Yes,No,No,13,12,4,Energetic âš¡
2022-07-30,No,Yes,Yes,No,No,12,3,5,Energetic âš¡
2022-07-31,Yes,No,Yes,Yes,No,6,1,3,Meh ğŸ˜
2022-08-01,Yes,Yes,Yes,No,No,0,8,11,Happy ğŸ˜Š
2022-08-02,No,No,Yes,No,No,4,4,6,Great! ğŸŒŸ
2022-08-03,Yes,Yes,Yes,No,No,19,3,8,Energetic âš¡
2022-08-04,Yes,Yes,Yes,No,No,14,7,4,Tired ğŸ˜´
2022-08-05,Yes,Yes,Yes,No,No,6,4,3,Energetic âš¡
2022-08-06,No,,Yes,No,No,12,5,11,Meh ğŸ˜
2022-08-07,Yes,Yes,Yes,No,No,7,12,10,Happy ğŸ˜Š
2022-08-08,Yes,Yes,No,No,No,7,6,6,Tired ğŸ˜´
2022-08-09,No,Yes,No,No,No,2,12,6,Energetic âš¡
2022-08-10,Yes,No,Yes,No,No,16,8,6,Happy ğŸ˜Š
2022-08-11,Yes,Yes,Yes,Yes,No,9,11,7,Energetic âš¡
2022-08-12,Yes,Yes,Yes,No,No,6,6,5,Happy ğŸ˜Š
2022-08-13,Yes,Yes,Yes,Yes,No,11,3,7,Tired ğŸ˜´
2022-08-14,Yes,Yes,Yes,No,No,18,2,4,Energetic âš¡
2022-08-15,No,No,Yes,Yes,No,12,7,7,Meh ğŸ˜
2022-08-16,Yes,Yes,No,Yes,No,12,10,6,Meh ğŸ˜
2022-08-17,Yes,No,Yes,Yes,No,6,7,6,Energetic âš¡
2022-08-18,Yes,No,Yes,No,No,9,9,9,Tired ğŸ˜´
2022-08-19,Yes,Yes,No,No,No,17,7,6,Happy ğŸ˜Š
2022-08-20,Yes,No,Yes,No,No,2,0,9,Happy ğŸ˜Š
2022-08-21,Yes,Yes,Yes,Yes,No,13,8,6,Energetic âš¡
2022-08-22,Yes,Yes,Yes,No,Yes,2,3,4,Energetic âš¡
2022-08-23,Yes,No,Yes,Yes,No,2,10,6,Meh ğŸ˜
2022-08-24,No,Yes,Yes,No,No,6,8,3,Meh ğŸ˜
2022-08-25,Yes,No,Yes,No,No,6,3,11,Tired ğŸ˜´
2022-08-26,Yes,No,Yes,Yes,No,16,11,,Happy ğŸ˜Š
2022-08-27,No,Yes,Yes,No,No,0,1,4,Great! ğŸŒŸ
2022-08-28,No,Yes,No,Yes,No,,3,10,Happy ğŸ˜Š
2022-08-29,Yes,No,Yes,Yes,No,15,4,3,Meh ğŸ˜
2022-08-30,No,Yes,Yes,Yes,No,13,7,7,Tired ğŸ˜´
2022-08-31,Yes,Yes,Yes,No,No,6,1,9,Meh ğŸ˜
2022-09-01,Yes,Yes,Yes,No,No,6,6,6,Energetic âš¡
2022-09-02,Yes,Yes,Yes,Yes,Yes,0,1,9,Great! ğŸŒŸ
2022-09-03,Yes,No,Yes,No,No,6,3,11,Great! ğŸŒŸ
2022-09-04,Yes,Yes,Yes,No,No,20,6,6,Tired ğŸ˜´
2022-09-05,Yes,Yes,No,No,No,20,11,3,
2022-09-06,Yes,Yes,No,No,No,6,11,8,Happy ğŸ˜Š
2022-09-07,Yes,Yes,No,No,No,20,1,11,Tired ğŸ˜´
2022-09-08,Yes,Yes,Yes,Yes,No,12,,7,Tired ğŸ˜´
2022-09-09,Yes,Yes,Yes,No,No,20,1,11,Happy ğŸ˜Š
2022-09-10,Yes,Yes,Yes,Yes,No,11,6,8,Great! ğŸŒŸ
2022-09-11,Yes,Yes,No,Yes,No,12,6,7,Meh ğŸ˜
2022-09-12,Yes,No,Yes,No,Yes,11,9,11,Happy ğŸ˜Š
2022-09-13,Yes,No,Yes,No,No,19,6,11,Energetic âš¡
2022-09-14,No,Yes,No,No,No,14,5,6,Energetic âš¡
2022-09-15,Yes,Yes,Yes,No,No,13,5,3,Great! ğŸŒŸ
2022-09-16,Yes,No,Yes,Yes,Yes,16,2,7,Meh ğŸ˜
2022-09-17,Yes,Yes,Yes,Yes,Yes,15,0,3,Energetic âš¡
2022-09-18,Yes,Yes,No,Yes,No,18,8,3,Tired ğŸ˜´
2022-09-19,No,Yes,Yes,Yes,No,13,0,6,Great! ğŸŒŸ
2022-09-20,Yes,No,Yes,No,Yes,7,3,9,Great! ğŸŒŸ
2022-09-21,No,Yes,Yes,No,No,16,7,3,Meh ğŸ˜
2022-09-22,Yes,No,Yes,No,No,5,9,10,Meh ğŸ˜
2022-09-23,Yes,Yes,No,No,No,8,2,3,Meh ğŸ˜
2022-09-24,Yes,Yes,Yes,No,No,12,7,12,Happy ğŸ˜Š
2022-09-25,No,Yes,Yes,No,No,20,0,7,Energetic âš¡
2022-09-26,Yes,Yes,Yes,Yes,No,8,5,7,Great! ğŸŒŸ
2022-09-27,Yes,Yes,Yes,No,No,3,11,10,Tired ğŸ˜´
2022-09-28,Yes,No,Yes,Yes,No,3,10,7,Great! ğŸŒŸ
2022-09-29,Yes,No,No,Yes,No,12,5,12,Happy ğŸ˜Š
2022-09-30,No,No,Yes,Yes,Yes,18,6,9,Happy ğŸ˜Š
2022-10-01,Yes,No,Yes,No,Yes,10,3,10,Energetic âš¡
2022-10-02,Yes,Yes,Yes,No,No,5,12,9,Tired ğŸ˜´
2022-10-03,No,Yes,No,No,Yes,19,3,6,Energetic âš¡
2022-10-04,Yes,No,No,Yes,No,19,6,4,Meh ğŸ˜
2022-10-05,Yes,Yes,Yes,No,No,2,4,8,Meh ğŸ˜
2022-10-06,Yes,No,No,Yes,Yes,5,9,9,Great! ğŸŒŸ
2022-10-07,No,No,No,No,No,2,3,3,Meh ğŸ˜
2022-10-08,Yes,No,Yes,No,No,17,10,7,Meh ğŸ˜
2022-10-09,Yes,Yes,Yes,Yes,No,2,11,11,Meh ğŸ˜
2022-10-10,No,Yes,Yes,Yes,No,6,7,7,Tired ğŸ˜´
2022-10-11,Yes,No,Yes,Yes,Yes,16,1,9,
2022-10-12,No,Yes,No,No,No,10,8,8,Energetic âš¡
2022-10-13,Yes,Yes,Yes,No,No,18,11,3,Tired ğŸ˜´
2022-10-14,Yes,No,Yes,No,No,13,10,3,Tired ğŸ˜´
2022-10-15,Yes,Yes,Yes,No,Yes,13,1,8,Happy ğŸ˜Š
2022-10-16,Yes,No,Yes,No,No,9,8,8,Energetic âš¡
2022-10-17,No,Yes,Yes,Yes,No,1,2,9,Great! ğŸŒŸ
2022-10-18,Yes,Yes,No,No,No,10,9,9,Meh ğŸ˜
2022-10-19,Yes,No,Yes,No,No,15,5,12,Great! ğŸŒŸ
2022-10-20,Yes,Yes,Yes,No,No,1,4,3,Great! ğŸŒŸ
2022-10-21,No,,Yes,Yes,Yes,12,11,6,Tired ğŸ˜´
2022-10-22,Yes,No,Yes,Yes,Yes,7,4,4,Great! ğŸŒŸ
2022-10-23,Yes,Yes,Yes,No,No,13,4,8,Happy ğŸ˜Š
2022-10-24,Yes,Yes,No,Yes,Yes,16,11,5,Tired ğŸ˜´
2022-10-25,No,Yes,No,No,No,17,8,7,Tired ğŸ˜´
2022-10-26,No,No,Yes,No,No,9,7,7,Tired ğŸ˜´
2022-10-27,Yes,Yes,Yes,Yes,Yes,0,3,8,Meh ğŸ˜
2022-10-28,Yes,Yes,Yes,No,No,13,0,11,Great! ğŸŒŸ
2022-10-29,Yes,No,Yes,No,Yes,20,11,12,Great! ğŸŒŸ
2022-10-30,No,Yes,Yes,No,No,20,9,9,Tired ğŸ˜´
2022-10-31,Yes,No,,No,Yes,6,9,4,Happy ğŸ˜Š
2022-11-01,Yes,Yes,Yes,Yes,No,12,7,11,Tired ğŸ˜´
2022-11-02,Yes,Yes,Yes,No,Yes,8,5,9,Happy ğŸ˜Š
2022-11-03,,No,Yes,No,No,10,12,9,Tired ğŸ˜´
2022-11-04,Yes,No,Yes,No,Yes,6,4,11,Tired ğŸ˜´
2022-11-05,Yes,Yes,Yes,No,Yes,16,12,12,Energetic âš¡
2022-11-06,No,No,Yes,No,Yes,2,1,5,Energetic âš¡
2022-11-07,Yes,No,No,No,Yes,9,11,10,Great! ğŸŒŸ
2022-11-08,No,No,Yes,No,No,1,11,5,Happy ğŸ˜Š
2022-11-09,Yes,Yes,No,Yes,No,3,11,12,Happy ğŸ˜Š
2022-11-10,Yes,Yes,No,No,No,12,9,4,Great! ğŸŒŸ
2022-11-11,No,Yes,Yes,No,No,6,5,5,Happy ğŸ˜Š
2022-11-12,Yes,No,Yes,No,Yes,13,10,8,Great! ğŸŒŸ
2022-11-13,Yes,Yes,Yes,No,No,5,12,10,Great! ğŸŒŸ
2022-11-14,Yes,Yes,No,Yes,Yes,8,3,11,Energetic âš¡
2022-11-15,Yes,No,Yes,No,No,19,8,11,Tired ğŸ˜´
2022-11-16,Yes,Yes,No,Yes,Yes,8,4,5,Tired ğŸ˜´
2022-11-17,Yes,Yes,No,Yes,No,4,6,11,Tired ğŸ˜´
2022-11-18,Yes,Yes,Yes,No,No,20,10,9,Tired ğŸ˜´
2022-11-19,Yes,Yes,Yes,No,Yes,10,4,5,Happy ğŸ˜Š
2022-11-20,Yes,Yes,Yes,No,No,10,3,10,Meh ğŸ˜
2022-11-21,Yes,Yes,Yes,No,No,1,2,5,Happy ğŸ˜Š
2022-11-22,No,Yes,Yes,No,No,9,12,8,Great! ğŸŒŸ
2022-11-23,Yes,,Yes,No,No,8,1,9,Energetic âš¡
2022-11-24,Yes,Yes,Yes,Yes,Yes,6,3,10,Energetic âš¡
2022-11-25,Yes,Yes,Yes,Yes,No,6,5,9,Energetic âš¡
2022-11-26,Yes,Yes,Yes,No,No,8,12,4,Happy ğŸ˜Š
2022-11-27,No,Yes,Yes,No,No,3,9,11,Energetic âš¡
2022-11-28,Yes,Yes,No,No,No,7,12,9,Energetic âš¡
2022-11-29,Yes,No,No,No,No,20,0,9,Happy ğŸ˜Š
2022-11-30,,No,No,No,Yes,0,3,10,Meh ğŸ˜
2022-12-01,Yes,Yes,No,Yes,No,3,7,,Tired ğŸ˜´
2022-12-02,No,No,No,Yes,No,18,8,12,Happy ğŸ˜Š
2022-12-03,Yes,Yes,Yes,No,No,13,10,9,Great! ğŸŒŸ
2022-12-04,Yes,Yes,Yes,Yes,No,9,8,12,Energetic âš¡
2022-12-05,Yes,Yes,Yes,No,No,1,0,11,Happy ğŸ˜Š
2022-12-06,No,Yes,No,No,No,10,11,4,Meh ğŸ˜
2022-12-07,No,Yes,Yes,Yes,No,0,8,7,Happy ğŸ˜Š
2022-12-08,No,Yes,No,No,No,16,6,7,Meh ğŸ˜
2022-12-09,No,Yes,Yes,No,Yes,0,2,3,Tired ğŸ˜´
2022-12-10,No,Yes,Yes,Yes,No,8,0,4,Energetic âš¡
2022-12-11,Yes,Yes,Yes,No,No,9,6,4,Tired ğŸ˜´
2022-12-12,Yes,No,Yes,,Yes,5,12,11,Great! ğŸŒŸ
2022-12-13,Yes,No,No,Yes,No,15,5,12,Great! ğŸŒŸ
2022-12-14,Yes,Yes,No,Yes,No,0,7,8,Meh ğŸ˜
2022-12-15,Yes,Yes,No,Yes,No,9,7,11,Energetic âš¡
2022-12-16,No,Yes,Yes,Yes,Yes,7,3,6,Tired ğŸ˜´
2022-12-17,Yes,No,Yes,Yes,No,9,3,11,Great! ğŸŒŸ
2022-12-18,Yes,Yes,No,Yes,No,2,10,3,Meh ğŸ˜
2022-12-19,Yes,Yes,Yes,No,Yes,4,4,7,Happy ğŸ˜Š
2022-12-20,Yes,Yes,,No,Yes,8,8,3,Meh ğŸ˜
2022-12-21,Yes,No,Yes,No,No,20,11,9,Meh ğŸ˜
2022-12-22,Yes,Yes,No,No,Yes,4,6,12,Meh ğŸ˜
2022-12-23,Yes,Yes,No,No,No,6,10,6,Energetic âš¡
2022-12-24,Yes,Yes,No,No,No,13,7,10,Meh ğŸ˜
2022-12-25,Yes,Yes,Yes,No,Yes,0,12,7,Happy ğŸ˜Š
2022-12-26,Yes,No,Yes,Yes,No,7,7,3,Great! ğŸŒŸ
2022-12-27,No,Yes,No,No,Yes,13,7,6,Happy ğŸ˜Š
2022-12-28,No,Yes,Yes,No,No,13,8,12,Tired ğŸ˜´
2022-12-29,No,Yes,No,No,No,1,4,10,Tired ğŸ˜´
2022-12-30,Yes,No,Yes,No,No,11,1,3,Tired ğŸ˜´
2022-12-31,Yes,No,Yes,No,No,15,9,5,Happy ğŸ˜Š
2023-01-01,Yes,Yes,No,No,No,11,7,5,Happy ğŸ˜Š
2023-01-02,Yes,Yes,Yes,No,No,11,9,,Tired ğŸ˜´
2023-01-03,Yes,No,No,Yes,No,9,0,5,Meh ğŸ˜
2023-01-04,Yes,Yes,Yes,No,No,4,5,7,Energetic âš¡
2023-01-05,Yes,No,Yes,No,Yes,2,8,4,Meh ğŸ˜
2023-01-06,Yes,No,No,No,Yes,7,10,9,Meh ğŸ˜
2023-01-07,No,Yes,Yes,Yes,,18,12,11,Happy ğŸ˜Š
2023-01-08,No,Yes,No,No,Yes,13,8,6,Energetic âš¡
2023-01-09,Yes,Yes,Yes,No,No,17,8,3,Energetic âš¡
2023-01-10,No,Yes,Yes,Yes,No,20,9,11,Tired ğŸ˜´
2023-01-11,No,Yes,Yes,No,Yes,2,1,9,Great! ğŸŒŸ
2023-01-12,Yes,Yes,Yes,No,Yes,9,0,7,Energetic âš¡
2023-01-13,Yes,Yes,Yes,No,No,5,5,3,Great! ğŸŒŸ
2023-01-14,Yes,Yes,Yes,No,No,17,0,6,Energetic âš¡
2023-01-15,Yes,Yes,Yes,No,Yes,12,2,5,Energetic âš¡
2023-01-16,Yes,No,Yes,Yes,No,0,5,7,Tired ğŸ˜´
2023-01-17,No,No,Yes,No,No,9,11,5,Happy ğŸ˜Š
2023-01-18,Yes,Yes,Yes,No,No,19,12,6,Happy ğŸ˜Š
2023-01-19,No,No,No,Yes,Yes,16,8,10,Meh ğŸ˜
2023-01-20,Yes,Yes,Yes,No,Yes,17,3,3,Great! ğŸŒŸ
2023-01-21,Yes,No,Yes,No,Yes,14,11,8,Energetic âš¡
2023-01-22,Yes,Yes,,No,Yes,2,7,11,Happy ğŸ˜Š
2023-01-23,Yes,Yes,Yes,No,Yes,6,2,9,Energetic âš¡
2023-01-24,No,No,Yes,No,No,13,6,3,Happy ğŸ˜Š
2023-01-25,No,Yes,No,Yes,Yes,17,3,10,Happy ğŸ˜Š
2023-01-26,No,Yes,,Yes,No,9,0,6,Energetic âš¡
2023-01-27,No,Yes,Yes,Yes,No,5,10,4,Happy ğŸ˜Š
2023-01-28,Yes,No,Yes,Yes,No,18,4,4,Energetic âš¡
2023-01-29,Yes,Yes,Yes,No,Yes,3,8,11,Great! ğŸŒŸ
2023-01-30,Yes,Yes,Yes,No,Yes,18,9,5,Tired ğŸ˜´
2023-01-31,Yes,Yes,Yes,Yes,No,7,2,8,Tired ğŸ˜´
2023-02-01,Yes,Yes,No,Yes,Yes,17,10,5,Meh ğŸ˜
2023-02-02,Yes,Yes,No,No,No,14,10,4,Meh ğŸ˜
2023-02-03,Yes,No,Yes,No,Yes,2,4,3,Great! ğŸŒŸ
2023-02-04,Yes,No,Yes,No,No,4,11,11,Energetic âš¡
2023-02-05,Yes,Yes,No,No,Yes,17,3,11,Energetic âš¡
2023-02-06,Yes,No,Yes,No,No,12,0,7,Great! ğŸŒŸ
2023-02-07,Yes,Yes,Yes,No,Yes,14,10,9,Great! ğŸŒŸ
2023-02-08,Yes,Yes,Yes,No,Yes,7,12,8,Meh ğŸ˜
2023-02-09,Yes,No,Yes,No,No,18,4,11,Great! ğŸŒŸ
2023-02-10,Yes,Yes,Yes,No,Yes,10,9,4,Tired ğŸ˜´
2023-02-11,Yes,No,No,Yes,Yes,9,5,6,Happy ğŸ˜Š
2023-02-12,Yes,Yes,Yes,No,No,12,9,7,Great! ğŸŒŸ
2023-02-13,Yes,No,No,No,Yes,12,10,6,Great! ğŸŒŸ
2023-02-14,Yes,No,,No,No,15,5,7,Happy ğŸ˜Š
2023-02-15,Yes,Yes,Yes,No,No,19,7,8,Happy ğŸ˜Š
2023-02-16,Yes,No,Yes,Yes,No,11,0,4,Happy ğŸ˜Š
2023-02-17,No,Yes,Yes,No,Yes,11,2,4,Happy ğŸ˜Š
2023-02-18,Yes,No,Yes,No,No,13,0,3,Great! ğŸŒŸ
2023-02-19,Yes,No,No,Yes,No,7,10,3,Energetic âš¡
2023-02-20,Yes,Yes,Yes,No,No,11,8,11,Tired ğŸ˜´
2023-02-21,Yes,No,Yes,Yes,No,13,12,11,Energetic âš¡
2023-02-22,No,Yes,Yes,No,No,13,9,12,Meh ğŸ˜
2023-02-23,Yes,Yes,No,No,No,16,2,9,Energetic âš¡
2023-02-24,No,Yes,No,No,Yes,8,9,5,Tired ğŸ˜´
2023-02-25,No,No,Yes,No,Yes,19,10,7,Happy ğŸ˜Š
2023-02-26,Yes,Yes,Yes,No,Yes,13,0,6,Happy ğŸ˜Š
2023-02-27,Yes,Yes,Yes,Yes,No,14,0,5,Great! ğŸŒŸ
2023-02-28,Yes,No,Yes,Yes,No,4,0,12,Tired ğŸ˜´
2023-03-01,Yes,Yes,Yes,No,Yes,12,9,4,Great! ğŸŒŸ
2023-03-02,Yes,Yes,No,No,Yes,19,7,11,Great! ğŸŒŸ
2023-03-03,Yes,Yes,No,Yes,Yes,17,10,10,Meh ğŸ˜
2023-03-04,Yes,Yes,Yes,Yes,No,20,2,9,Tired ğŸ˜´
2023-03-05,Yes,Yes,Yes,No,No,10,7,12,Energetic âš¡
2023-03-06,No,Yes,Yes,No,Yes,16,12,12,Energetic âš¡
2023-03-07,No,No,Yes,Yes,Yes,17,9,8,Happy ğŸ˜Š
2023-03-08,Yes,Yes,Yes,No,,16,7,7,Energetic âš¡
2023-03-09,Yes,Yes,Yes,Yes,No,9,11,5,Energetic âš¡
2023-03-10,Yes,Yes,Yes,No,No,4,0,5,Tired ğŸ˜´
2023-03-11,Yes,Yes,Yes,No,No,15,6,10,Energetic âš¡
2023-03-12,Yes,No,Yes,No,No,12,4,9,Energetic âš¡
2023-03-13,Yes,Yes,Yes,No,Yes,14,2,7,Tired ğŸ˜´
2023-03-14,No,Yes,No,No,No,3,6,4,Great! ğŸŒŸ
2023-03-15,Yes,Yes,No,No,No,0,6,7,Energetic âš¡
2023-03-16,No,Yes,Yes,Yes,No,16,0,12,Meh ğŸ˜
2023-03-17,No,No,Yes,No,No,3,0,5,Happy ğŸ˜Š
2023-03-18,Yes,Yes,Yes,No,No,2,5,6,Happy ğŸ˜Š
2023-03-19,No,Yes,No,Yes,No,8,8,3,Happy ğŸ˜Š
2023-03-20,Yes,No,Yes,No,No,3,4,10,Great! ğŸŒŸ
2023-03-21,Yes,Yes,Yes,No,No,16,3,3,Meh ğŸ˜
2023-03-22,Yes,Yes,Yes,No,No,10,4,5,Tired ğŸ˜´
2023-03-23,Yes,No,No,No,No,8,11,7,Meh ğŸ˜
2023-03-24,Yes,Yes,No,No,No,13,2,5,Tired ğŸ˜´
2023-03-25,Yes,Yes,Yes,Yes,No,9,7,10,
2023-03-26,No,Yes,Yes,No,Yes,7,0,10,Meh ğŸ˜
2023-03-27,No,No,Yes,No,No,7,12,5,Tired ğŸ˜´
2023-03-28,Yes,Yes,Yes,No,No,19,2,7,Happy ğŸ˜Š
2023-03-29,Yes,Yes,No,No,Yes,3,9,5,Happy ğŸ˜Š
2023-03-30,Yes,Yes,Yes,No,No,15,4,9,Tired ğŸ˜´
2023-03-31,No,Yes,No,Yes,No,18,1,5,Great! ğŸŒŸ
2023-04-01,No,Yes,Yes,No,No,11,4,7,Great! ğŸŒŸ
2023-04-02,Yes,No,No,Yes,No,7,6,6,Happy ğŸ˜Š
2023-04-03,Yes,Yes,Yes,No,No,1,1,10,Happy ğŸ˜Š
2023-04-04,Yes,No,Yes,No,No,2,3,12,Energetic âš¡
2023-04-05,Yes,Yes,Yes,No,Yes,1,9,8,Happy ğŸ˜Š
2023-04-06,Yes,No,Yes,No,No,1,0,11,Energetic âš¡
2023-04-07,No,Yes,Yes,No,Yes,12,5,10,Meh ğŸ˜
2023-04-08,No,Yes,Yes,Yes,No,13,6,11,Meh ğŸ˜
2023-04-09,Yes,No,Yes,Yes,Yes,10,6,11,Energetic âš¡
2023-04-10,Yes,Yes,No,No,No,7,6,8,Meh ğŸ˜
2023-04-11,Yes,Yes,No,No,No,7,11,4,Energetic âš¡
2023-04-12,Yes,No,No,No,No,11,0,4,Meh ğŸ˜
2023-04-13,Yes,Yes,Yes,Yes,No,7,1,5,Tired ğŸ˜´
2023-04-14,Yes,Yes,Yes,No,No,11,10,8,Tired ğŸ˜´
2023-04-15,Yes,Yes,Yes,No,No,15,3,8,Tired ğŸ˜´
2023-04-16,Yes,No,Yes,No,No,0,7,12,Energetic âš¡
2023-04-17,Yes,Yes,Yes,Yes,Yes,19,11,7,Tired ğŸ˜´
2023-04-18,Yes,No,Yes,Yes,No,13,4,7,Tired ğŸ˜´
2023-04-19,Yes,Yes,No,Yes,No,7,1,7,Tired ğŸ˜´
2023-04-20,Yes,Yes,Yes,No,Yes,12,10,6,Great! ğŸŒŸ
2023-04-21,Yes,Yes,No,Yes,Yes,16,8,6,Meh ğŸ˜
2023-04-22,Yes,Yes,No,No,No,8,7,,Energetic âš¡
2023-04-23,Yes,No,No,Yes,Yes,1,5,11,Meh ğŸ˜
2023-04-24,Yes,Yes,Yes,No,Yes,0,1,7,Happy ğŸ˜Š
2023-04-25,No,No,Yes,No,Yes,15,1,5,Tired ğŸ˜´
2023-04-26,Yes,Yes,Yes,Yes,No,2,3,8,Tired ğŸ˜´
2023-04-27,No,Yes,Yes,No,No,4,12,10,Meh ğŸ˜
2023-04-28,Yes,,Yes,No,Yes,0,10,4,Meh ğŸ˜
2023-04-29,No,Yes,Yes,No,No,2,10,6,Energetic âš¡
2023-04-30,Yes,No,No,Yes,No,6,7,12,Happy ğŸ˜Š
2023-05-01,Yes,Yes,Yes,No,No,15,2,8,Great! ğŸŒŸ
2023-05-02,Yes,Yes,Yes,No,No,16,0,4,Happy ğŸ˜Š
2023-05-03,No,Yes,Yes,No,No,18,12,12,Tired ğŸ˜´
2023-05-04,No,No,Yes,Yes,No,19,2,8,Tired ğŸ˜´
2023-05-05,No,Yes,Yes,Yes,No,4,7,12,Great! ğŸŒŸ
2023-05-06,Yes,Yes,Yes,No,No,3,2,6,Tired ğŸ˜´
2023-05-07,Yes,Yes,No,Yes,No,10,2,11,Meh ğŸ˜
2023-05-08,Yes,Yes,No,No,No,3,4,3,Meh ğŸ˜
2023-05-09,Yes,Yes,No,Yes,No,15,6,7,Happy ğŸ˜Š
2023-05-10,Yes,No,No,No,No,14,9,3,Energetic âš¡
2023-05-11,Yes,No,No,Yes,No,9,2,12,Meh ğŸ˜
2023-05-12,No,Yes,Yes,No,No,2,9,5,Happy ğŸ˜Š
2023-05-13,Yes,Yes,Yes,Yes,No,5,2,8,Great! ğŸŒŸ
2023-05-14,No,Yes,No,No,No,11,0,6,Meh ğŸ˜
2023-05-15,Yes,No,Yes,Yes,No,10,11,7,Tired ğŸ˜´
2023-05-16,Yes,Yes,No,Yes,No,4,2,10,Meh ğŸ˜
2023-05-17,Yes,No,Yes,Yes,Yes,0,8,6,Energetic âš¡
2023-05-18,Yes,Yes,Yes,No,No,2,4,12,Tired ğŸ˜´
2023-05-19,Yes,No,Yes,No,Yes,4,8,8,Great! ğŸŒŸ
2023-05-20,Yes,Yes,Yes,No,No,5,1,9,Meh ğŸ˜
2023-05-21,Yes,Yes,Yes,Yes,No,10,8,4,Happy ğŸ˜Š
2023-05-22,Yes,Yes,Yes,No,No,10,7,7,Happy ğŸ˜Š
2023-05-23,Yes,Yes,Yes,No,No,10,2,4,Meh ğŸ˜
2023-05-24,Yes,No,No,No,No,5,3,8,Meh ğŸ˜
2023-05-25,Yes,Yes,,Yes,No,11,6,10,Energetic âš¡
2023-05-26,Yes,No,No,No,No,20,0,7,Meh ğŸ˜
2023-05-27,No,Yes,Yes,No,No,16,9,11,Great! ğŸŒŸ
2023-05-28,Yes,No,Yes,No,No,9,4,5,Meh ğŸ˜
2023-05-29,Yes,Yes,No,No,No,2,9,9,Tired ğŸ˜´
2023-05-30,No,Yes,Yes,No,No,2,6,11,Great! ğŸŒŸ
2023-05-31,No,Yes,No,No,No,2,1,3,Meh ğŸ˜
2023-06-01,No,Yes,Yes,No,No,11,,11,Energetic âš¡
2023-06-02,Yes,No,No,Yes,No,2,6,6,Great! ğŸŒŸ
2023-06-03,Yes,Yes,No,No,No,14,11,3,Happy ğŸ˜Š
2023-06-04,Yes,Yes,No,No,No,0,11,7,Happy ğŸ˜Š
2023-06-05,No,Yes,Yes,No,Yes,14,4,8,Great! ğŸŒŸ
2023-06-06,Yes,No,No,No,Yes,0,10,4,Energetic âš¡
2023-06-07,Yes,Yes,Yes,Yes,No,18,5,11,Tired ğŸ˜´
2023-06-08,Yes,Yes,Yes,No,Yes,5,0,10,Meh ğŸ˜
2023-06-09,No,Yes,Yes,No,Yes,19,3,7,Happy ğŸ˜Š
2023-06-10,No,No,,No,Yes,14,6,6,Tired ğŸ˜´
2023-06-11,Yes,Yes,Yes,No,No,8,12,10,Energetic âš¡
2023-06-12,Yes,Yes,Yes,No,No,16,3,7,Meh ğŸ˜
2023-06-13,Yes,Yes,Yes,Yes,No,3,9,5,Energetic âš¡
2023-06-14,No,Yes,Yes,Yes,No,5,1,12,Happy ğŸ˜Š
2023-06-15,Yes,Yes,No,No,No,15,10,9,Meh ğŸ˜
2023-06-16,No,Yes,No,No,No,5,10,10,Happy ğŸ˜Š
2023-06-17,No,No,No,No,Yes,15,6,12,Happy ğŸ˜Š
2023-06-18,No,Yes,No,No,Yes,1,8,11,Happy ğŸ˜Š
2023-06-19,Yes,No,No,Yes,Yes,12,3,11,Tired ğŸ˜´
2023-06-20,Yes,Yes,Yes,Yes,No,1,8,10,Great! ğŸŒŸ
2023-06-21,No,Yes,Yes,No,No,6,11,4,Meh ğŸ˜
2023-06-22,Yes,Yes,No,Yes,No,14,0,10,Great! ğŸŒŸ
2023-06-23,Yes,Yes,Yes,Yes,No,17,11,5,Meh ğŸ˜
2023-06-24,Yes,Yes,Yes,No,No,18,7,4,Happy ğŸ˜Š
2023-06-25,No,No,No,No,No,19,4,10,Happy ğŸ˜Š
2023-06-26,No,Yes,Yes,No,No,,11,10,Tired ğŸ˜´
2023-06-27,No,Yes,Yes,Yes,No,17,6,5,Tired ğŸ˜´
2023-06-28,Yes,Yes,Yes,No,Yes,8,8,8,Great! ğŸŒŸ
2023-06-29,Yes,No,Yes,Yes,No,11,11,11,Meh ğŸ˜
2023-06-30,Yes,No,No,No,No,19,10,8,Energetic âš¡
2023-07-01,Yes,Yes,Yes,Yes,Yes,10,2,5,Energetic âš¡
2023-07-02,Yes,Yes,Yes,No,No,19,0,9,Meh ğŸ˜
2023-07-03,Yes,Yes,Yes,No,No,10,1,5,Energetic âš¡
2023-07-04,Yes,Yes,Yes,No,No,0,10,10,Happy ğŸ˜Š
2023-07-05,No,Yes,Yes,No,Yes,19,7,5,Meh ğŸ˜
2023-07-06,Yes,Yes,Yes,No,Yes,10,6,3,Meh ğŸ˜
2023-07-07,Yes,Yes,No,Yes,Yes,7,3,4,Tired ğŸ˜´
2023-07-08,Yes,Yes,No,Yes,No,13,12,5,Great! ğŸŒŸ
2023-07-09,No,Yes,Yes,No,Yes,4,7,9,Happy ğŸ˜Š
2023-07-10,Yes,No,Yes,No,No,1,5,7,Tired ğŸ˜´
2023-07-11,Yes,No,Yes,No,No,10,1,12,Tired ğŸ˜´
2023-07-12,Yes,Yes,Yes,Yes,Yes,0,1,3,Energetic âš¡
2023-07-13,Yes,No,Yes,Yes,Yes,3,11,8,Tired ğŸ˜´
2023-07-14,Yes,Yes,No,No,Yes,11,7,12,Energetic âš¡
2023-07-15,Yes,No,Yes,Yes,No,17,10,9,Meh ğŸ˜
2023-07-16,No,No,Yes,No,No,15,10,3,Energetic âš¡
2023-07-17,No,Yes,Yes,No,No,6,10,4,Energetic âš¡
2023-07-18,No,No,Yes,No,No,2,1,6,Meh ğŸ˜
2023-07-19,Yes,Yes,Yes,No,No,16,11,4,Tired ğŸ˜´
2023-07-20,No,No,No,No,No,7,9,5,Happy ğŸ˜Š
2023-07-21,Yes,No,Yes,No,No,16,10,8,Meh ğŸ˜
2023-07-22,Yes,Yes,Yes,No,No,12,8,10,Great! ğŸŒŸ
2023-07-23,Yes,Yes,Yes,No,No,0,10,10,Meh ğŸ˜
2023-07-24,Yes,No,Yes,No,No,7,10,9,Meh ğŸ˜
2023-07-25,Yes,Yes,No,No,No,8,8,11,Meh ğŸ˜
2023-07-26,Yes,Yes,Yes,No,No,8,7,5,Happy ğŸ˜Š
2023-07-27,Yes,No,Yes,No,Yes,9,12,10,Meh ğŸ˜
2023-07-28,Yes,Yes,No,No,,0,12,12,Great! ğŸŒŸ
2023-07-29,Yes,Yes,Yes,No,No,13,4,8,Meh ğŸ˜
2023-07-30,Yes,No,No,No,No,7,12,12,Great! ğŸŒŸ
2023-07-31,No,No,No,No,No,13,10,6,Great! ğŸŒŸ
2023-08-01,Yes,Yes,No,Yes,Yes,6,7,9,Tired ğŸ˜´
2023-08-02,No,No,Yes,No,Yes,5,0,3,Happy ğŸ˜Š
2023-08-03,Yes,No,No,No,No,20,4,8,Happy ğŸ˜Š
2023-08-04,No,No,Yes,Yes,Yes,9,6,8,Happy ğŸ˜Š
2023-08-05,No,No,No,No,No,14,12,10,Meh ğŸ˜
2023-08-06,Yes,Yes,Yes,Yes,Yes,16,,4,Tired ğŸ˜´
2023-08-07,Yes,Yes,No,,Yes,6,4,5,Energetic âš¡
2023-08-08,Yes,Yes,No,No,No,13,3,5,Happy ğŸ˜Š
2023-08-09,No,Yes,No,No,Yes,12,6,7,Meh ğŸ˜
2023-08-10,Yes,Yes,Yes,Yes,No,10,1,9,Tired ğŸ˜´
2023-08-11,No,Yes,Yes,Yes,No,20,12,5,Great! ğŸŒŸ
2023-08-12,Yes,Yes,Yes,No,No,5,8,3,Meh ğŸ˜
2023-08-13,Yes,No,No,No,Yes,12,12,5,Tired ğŸ˜´
2023-08-14,Yes,Yes,No,No,No,9,12,12,Great! ğŸŒŸ
2023-08-15,Yes,Yes,Yes,Yes,No,11,4,5,Tired ğŸ˜´
2023-08-16,Yes,Yes,No,Yes,Yes,8,1,9,Energetic âš¡
2023-08-17,Yes,Yes,Yes,No,No,4,2,4,Great! ğŸŒŸ
2023-08-18,Yes,Yes,Yes,No,No,6,2,12,Meh ğŸ˜
2023-08-19,Yes,Yes,No,No,No,14,1,7,Energetic âš¡
2023-08-20,No,Yes,Yes,No,No,10,7,12,Energetic âš¡
2023-08-21,No,Yes,No,No,Yes,15,12,6,Meh ğŸ˜
2023-08-22,Yes,Yes,Yes,No,No,11,7,12,Tired ğŸ˜´
2023-08-23,No,No,Yes,Yes,Yes,8,10,4,Happy ğŸ˜Š
2023-08-24,Yes,Yes,Yes,No,No,10,12,4,Energetic âš¡
2023-08-25,Yes,Yes,Yes,Yes,Yes,3,,12,Happy ğŸ˜Š
2023-08-26,No,Yes,No,No,No,11,12,8,Happy ğŸ˜Š
2023-08-27,No,Yes,Yes,No,Yes,1,10,7,Happy ğŸ˜Š
2023-08-28,Yes,No,Yes,No,No,14,3,,Great! ğŸŒŸ
2023-08-29,No,Yes,No,No,No,6,1,5,Energetic âš¡
2023-08-30,No,Yes,Yes,Yes,No,0,2,10,Meh ğŸ˜
2023-08-31,Yes,No,Yes,No,No,13,,7,Great! ğŸŒŸ
2023-09-01,Yes,Yes,Yes,Yes,No,7,5,8,Meh ğŸ˜
2023-09-02,Yes,Yes,Yes,No,No,0,8,6,Great! ğŸŒŸ
2023-09-03,No,Yes,No,Yes,Yes,4,6,4,Tired ğŸ˜´
2023-09-04,Yes,Yes,Yes,No,Yes,5,6,4,Happy ğŸ˜Š
2023-09-05,Yes,Yes,Yes,No,No,2,7,12,Great! ğŸŒŸ
2023-09-06,Yes,Yes,No,No,No,13,7,11,Energetic âš¡
2023-09-07,No,,Yes,No,Yes,8,4,4,Tired ğŸ˜´
2023-09-08,Yes,Yes,No,No,No,5,3,10,Happy ğŸ˜Š
2023-09-09,Yes,No,No,No,No,19,0,11,Tired ğŸ˜´
2023-09-10,Yes,No,No,Yes,Yes,5,9,8,Meh ğŸ˜
2023-09-11,Yes,Yes,Yes,No,Yes,7,3,5,Energetic âš¡
2023-09-12,Yes,Yes,Yes,Yes,No,4,5,5,Tired ğŸ˜´
2023-09-13,No,Yes,Yes,No,Yes,16,3,10,Great! ğŸŒŸ
2023-09-14,No,Yes,Yes,Yes,No,5,6,12,Happy ğŸ˜Š
2023-09-15,Yes,Yes,Yes,No,No,10,12,7,Great! ğŸŒŸ
2023-09-16,Yes,,Yes,No,Yes,11,5,10,Happy ğŸ˜Š
2023-09-17,,No,Yes,No,No,20,2,6,Meh ğŸ˜
2023-09-18,Yes,Yes,No,No,No,5,12,11,Tired ğŸ˜´
2023-09-19,Yes,Yes,No,No,No,7,4,10,Energetic âš¡
2023-09-20,Yes,Yes,Yes,No,Yes,11,10,7,Happy ğŸ˜Š
2023-09-21,Yes,No,No,Yes,Yes,10,3,11,Great! ğŸŒŸ
2023-09-22,Yes,Yes,Yes,Yes,No,1,8,11,Meh ğŸ˜
2023-09-23,Yes,No,Yes,No,No,12,1,3,Meh ğŸ˜
2023-09-24,No,Yes,Yes,Yes,No,5,0,4,Energetic âš¡
2023-09-25,Yes,Yes,No,Yes,Yes,14,6,5,Happy ğŸ˜Š
2023-09-26,Yes,Yes,Yes,Yes,No,10,8,8,Great! ğŸŒŸ
2023-09-27,Yes,,Yes,No,Yes,19,3,7,Happy ğŸ˜Š
2023-09-28,Yes,No,Yes,No,No,6,8,5,Happy ğŸ˜Š
2023-09-29,Yes,No,No,Yes,Yes,13,1,11,Meh ğŸ˜
2023-09-30,Yes,Yes,No,Yes,,10,4,6,Meh ğŸ˜
2023-10-01,Yes,No,Yes,Yes,No,19,5,4,Energetic âš¡
2023-10-02,Yes,Yes,No,No,No,5,10,,Happy ğŸ˜Š
2023-10-03,Yes,Yes,Yes,No,No,12,12,7,Energetic âš¡
2023-10-04,Yes,Yes,No,No,No,19,3,11,Happy ğŸ˜Š
2023-10-05,No,Yes,Yes,No,No,13,8,9,Energetic âš¡
2023-10-06,Yes,No,Yes,No,No,11,7,12,Meh ğŸ˜
2023-10-07,Yes,Yes,No,No,No,1,4,10,Energetic âš¡
2023-10-08,Yes,Yes,,No,No,7,11,9,Tired ğŸ˜´
2023-10-09,Yes,No,No,Yes,Yes,18,2,7,Tired ğŸ˜´
2023-10-10,Yes,Yes,Yes,No,No,12,7,3,Great! ğŸŒŸ
2023-10-11,No,Yes,Yes,Yes,No,16,11,10,Tired ğŸ˜´
2023-10-12,Yes,No,Yes,No,Yes,1,9,3,Meh ğŸ˜
2023-10-13,Yes,Yes,Yes,No,No,7,7,8,Great! ğŸŒŸ
2023-10-14,Yes,No,Yes,No,No,12,5,12,Great! ğŸŒŸ
2023-10-15,Yes,Yes,Yes,No,No,14,,10,Happy ğŸ˜Š
2023-10-16,Yes,No,Yes,No,Yes,17,12,11,Great! ğŸŒŸ
2023-10-17,Yes,No,Yes,No,No,9,7,8,Tired ğŸ˜´
2023-10-18,Yes,No,Yes,No,No,19,11,3,Meh ğŸ˜
2023-10-19,Yes,Yes,Yes,No,Yes,7,11,7,Great! ğŸŒŸ
2023-10-20,Yes,Yes,No,No,No,18,2,5,Great! ğŸŒŸ
2023-10-21,Yes,No,Yes,No,No,9,9,5,Tired ğŸ˜´
2023-10-22,Yes,Yes,Yes,,No,10,2,11,Tired ğŸ˜´
2023-10-23,Yes,No,Yes,No,Yes,8,1,11,Tired ğŸ˜´
2023-10-24,Yes,Yes,Yes,No,No,18,8,9,Happy ğŸ˜Š
2023-10-25,Yes,Yes,Yes,Yes,No,12,5,6,Meh ğŸ˜
2023-10-26,Yes,Yes,Yes,No,No,2,12,11,Tired ğŸ˜´
2023-10-27,No,Yes,Yes,No,Yes,16,8,3,Meh ğŸ˜
2023-10-28,No,Yes,Yes,No,No,0,12,11,Energetic âš¡
2023-10-29,Yes,Yes,Yes,No,No,12,12,4,Energetic âš¡
2023-10-30,Yes,Yes,No,No,No,5,2,6,Great! ğŸŒŸ
2023-10-31,Yes,Yes,No,Yes,Yes,19,0,4,Great! ğŸŒŸ
2023-11-01,Yes,No,Yes,No,No,5,5,4,Happy ğŸ˜Š
2023-11-02,Yes,Yes,Yes,Yes,No,12,7,9,Happy ğŸ˜Š
2023-11-03,Yes,No,No,Yes,No,5,9,5,Meh ğŸ˜
2023-11-04,Yes,Yes,Yes,No,Yes,18,7,6,Tired ğŸ˜´
2023-11-05,Yes,Yes,Yes,No,No,17,8,4,Meh ğŸ˜
2023-11-06,No,Yes,Yes,Yes,Yes,16,0,4,Great! ğŸŒŸ
2023-11-07,Yes,No,Yes,Yes,Yes,13,3,5,Great! ğŸŒŸ
2023-11-08,Yes,No,Yes,Yes,No,9,3,11,Tired ğŸ˜´
2023-11-09,No,Yes,Yes,No,Yes,1,8,6,Happy ğŸ˜Š
2023-11-10,Yes,No,No,No,No,5,8,4,Tired ğŸ˜´
2023-11-11,Yes,Yes,Yes,Yes,No,8,11,9,Tired ğŸ˜´
2023-11-12,Yes,No,Yes,Yes,No,3,0,9,Happy ğŸ˜Š
2023-11-13,Yes,Yes,Yes,Yes,Yes,0,9,10,Meh ğŸ˜
2023-11-14,No,Yes,Yes,Yes,Yes,17,11,10,Energetic âš¡
2023-11-15,Yes,Yes,Yes,No,No,13,9,7,Happy ğŸ˜Š
2023-11-16,Yes,No,Yes,Yes,No,0,11,3,Energetic âš¡
2023-11-17,Yes,No,Yes,No,No,1,2,12,Tired ğŸ˜´
2023-11-18,Yes,Yes,Yes,Yes,No,3,0,11,Energetic âš¡
2023-11-19,Yes,No,Yes,No,No,14,0,6,Tired ğŸ˜´
2023-11-20,No,Yes,No,No,No,18,5,4,Energetic âš¡
2023-11-21,Yes,No,Yes,No,Yes,4,3,9,Tired ğŸ˜´
2023-11-22,Yes,Yes,Yes,No,No,9,2,11,Energetic âš¡
2023-11-23,Yes,No,Yes,No,Yes,8,6,7,Great! ğŸŒŸ
2023-11-24,Yes,Yes,Yes,No,No,2,8,12,Great! ğŸŒŸ
2023-11-25,No,Yes,Yes,No,Yes,5,0,6,Energetic âš¡
2023-11-26,Yes,Yes,Yes,No,Yes,14,4,7,Meh ğŸ˜
2023-11-27,No,Yes,Yes,No,No,15,12,11,Great! ğŸŒŸ
2023-11-28,Yes,Yes,Yes,No,No,7,12,10,Meh ğŸ˜
2023-11-29,Yes,Yes,No,No,Yes,6,3,9,Energetic âš¡
2023-11-30,Yes,No,Yes,No,Yes,10,11,8,Tired ğŸ˜´
2023-12-01,No,Yes,Yes,No,Yes,16,10,3,Great! ğŸŒŸ
2023-12-02,Yes,Yes,No,Yes,No,5,11,4,Energetic âš¡
2023-12-03,Yes,Yes,Yes,No,No,5,10,8,Happy ğŸ˜Š
2023-12-04,Yes,No,Yes,No,No,9,0,4,Happy ğŸ˜Š
2023-12-05,No,Yes,Yes,No,No,1,10,6,Great! ğŸŒŸ
2023-12-06,No,,Yes,No,No,14,9,7,Tired ğŸ˜´
2023-12-07,No,No,No,No,No,2,11,11,Tired ğŸ˜´
2023-12-08,No,Yes,Yes,No,No,20,12,4,Meh ğŸ˜
2023-12-09,Yes,Yes,Yes,Yes,Yes,4,3,8,Tired ğŸ˜´
2023-12-10,No,No,No,Yes,No,17,12,4,Tired ğŸ˜´
2023-12-11,Yes,No,Yes,No,No,5,7,3,Meh ğŸ˜
2023-12-12,Yes,Yes,Yes,Yes,No,17,7,10,Happy ğŸ˜Š
2023-12-13,Yes,Yes,Yes,Yes,No,13,7,6,Tired ğŸ˜´
2023-12-14,Yes,Yes,Yes,No,Yes,9,10,3,Great! ğŸŒŸ
2023-12-15,Yes,No,Yes,Yes,Yes,8,6,7,Happy ğŸ˜Š
2023-12-16,Yes,No,No,No,Yes,11,4,12,Tired ğŸ˜´
2023-12-17,No,No,Yes,Yes,Yes,6,2,5,Great! ğŸŒŸ
2023-12-18,Yes,Yes,Yes,Yes,No,15,12,12,Energetic âš¡
2023-12-19,No,Yes,No,No,No,2,2,4,Tired ğŸ˜´
2023-12-20,Yes,Yes,No,Yes,No,15,3,6,Energetic âš¡
2023-12-21,Yes,No,Yes,No,No,10,8,7,Happy ğŸ˜Š
2023-12-22,Yes,Yes,No,No,No,8,10,5,Happy ğŸ˜Š
2023-12-23,No,Yes,Yes,No,No,17,0,12,Tired ğŸ˜´
2023-12-24,No,Yes,Yes,No,Yes,3,12,3,Great! ğŸŒŸ
2023-12-25,Yes,Yes,No,No,No,20,11,10,Great! ğŸŒŸ
2023-12-26,Yes,Yes,No,No,No,6,2,5,Meh ğŸ˜
2023-12-27,No,Yes,Yes,Yes,No,17,6,5,Energetic âš¡
2023-12-28,Yes,Yes,Yes,No,No,5,11,10,Tired ğŸ˜´
2023-12-29,Yes,Yes,Yes,No,No,17,9,6,Meh ğŸ˜
2023-12-30,Yes,Yes,Yes,No,No,15,0,6,Tired ğŸ˜´
2023-12-31,Yes,No,Yes,No,No,15,8,3,Tired ğŸ˜´
2024-01-01,Yes,No,Yes,No,Yes,8,5,6,Great! ğŸŒŸ
2024-01-02,No,Yes,Yes,No,No,18,3,5,Meh ğŸ˜
2024-01-03,Yes,Yes,Yes,Yes,No,11,10,9,Great! ğŸŒŸ
2024-01-04,Yes,Yes,Yes,No,No,1,9,3,Tired ğŸ˜´
2024-01-05,No,No,Yes,No,No,12,8,4,Great! ğŸŒŸ
2024-01-06,No,Yes,Yes,No,No,10,4,11,Meh ğŸ˜
2024-01-07,Yes,Yes,Yes,Yes,Yes,18,7,4,Happy ğŸ˜Š
2024-01-08,Yes,Yes,Yes,Yes,Yes,12,6,8,Energetic âš¡
2024-01-09,Yes,Yes,Yes,No,No,2,2,8,Great! ğŸŒŸ
2024-01-10,No,Yes,No,No,No,5,,5,Tired ğŸ˜´
2024-01-11,Yes,Yes,Yes,No,No,4,10,10,Happy ğŸ˜Š
2024-01-12,Yes,Yes,Yes,No,No,16,6,3,Meh ğŸ˜
2024-01-13,Yes,No,Yes,Yes,No,5,3,7,Meh ğŸ˜
2024-01-14,Yes,,Yes,No,Yes,4,10,6,Energetic âš¡
2024-01-15,Yes,Yes,No,No,Yes,1,2,4,Energetic âš¡
2024-01-16,No,Yes,Yes,No,Yes,1,10,4,Energetic âš¡
2024-01-17,Yes,Yes,Yes,Yes,No,4,6,10,Meh ğŸ˜
2024-01-18,Yes,Yes,Yes,No,No,17,0,9,Happy ğŸ˜Š
2024-01-19,Yes,Yes,Yes,Yes,No,2,12,11,Great! ğŸŒŸ
2024-01-20,No,Yes,Yes,Yes,No,4,1,4,Energetic âš¡
2024-01-21,Yes,No,Yes,No,No,19,0,4,Energetic âš¡
2024-01-22,Yes,Yes,No,No,No,0,10,10,Happy ğŸ˜Š
2024-01-23,Yes,Yes,No,No,No,4,3,10,Energetic âš¡
2024-01-24,No,Yes,Yes,Yes,No,6,8,9,Energetic âš¡
2024-01-25,Yes,Yes,Yes,No,No,10,0,11,Meh ğŸ˜
2024-01-26,No,No,No,No,No,6,0,10,Great! ğŸŒŸ
2024-01-27,Yes,No,Yes,No,Yes,8,3,7,Tired ğŸ˜´
2024-01-28,Yes,No,Yes,Yes,No,18,8,3,Happy ğŸ˜Š
2024-01-29,Yes,No,Yes,No,No,19,8,12,Happy ğŸ˜Š
2024-01-30,No,Yes,Yes,Yes,No,8,10,10,Great! ğŸŒŸ
2024-01-31,Yes,Yes,No,No,No,9,5,3,Happy ğŸ˜Š
2024-02-01,Yes,Yes,Yes,No,No,7,1,11,Meh ğŸ˜
2024-02-02,Yes,No,Yes,No,No,1,2,11,Meh ğŸ˜
2024-02-03,Yes,No,Yes,No,No,5,10,7,Meh ğŸ˜
2024-02-04,Yes,Yes,Yes,No,No,4,0,3,Tired ğŸ˜´
2024-02-05,No,Yes,Yes,No,No,15,2,6,Energetic âš¡
2024-02-06,Yes,Yes,Yes,No,No,3,2,8,Happy ğŸ˜Š
2024-02-07,Yes,Yes,Yes,No,No,11,3,7,Tired ğŸ˜´
2024-02-08,Yes,Yes,Yes,No,Yes,0,0,10,Energetic âš¡
2024-02-09,No,Yes,No,Yes,Yes,0,1,11,Tired ğŸ˜´
2024-02-10,Yes,Yes,Yes,No,Yes,10,4,9,Energetic âš¡
2024-02-11,Yes,No,Yes,No,No,2,6,11,Energetic âš¡
2024-02-12,Yes,No,Yes,No,No,12,8,12,Meh ğŸ˜
2024-02-13,Yes,Yes,Yes,No,No,7,1,12,Tired ğŸ˜´
2024-02-14,Yes,Yes,No,Yes,No,18,0,8,Happy ğŸ˜Š
2024-02-15,Yes,Yes,No,No,No,2,5,10,Tired ğŸ˜´
2024-02-16,Yes,Yes,Yes,Yes,No,4,3,12,Happy ğŸ˜Š
2024-02-17,Yes,,Yes,No,No,7,11,7,Tired ğŸ˜´
2024-02-18,Yes,Yes,Yes,No,No,7,6,10,Tired ğŸ˜´
2024-02-19,Yes,Yes,Yes,No,Yes,15,12,3,Tired ğŸ˜´
2024-02-20,Yes,Yes,Yes,No,No,1,10,8,Meh ğŸ˜
2024-02-21,Yes,Yes,Yes,No,Yes,8,0,3,Meh ğŸ˜
2024-02-22,No,No,No,No,No,4,3,6,Meh ğŸ˜
2024-02-23,Yes,No,Yes,Yes,Yes,10,10,11,Meh ğŸ˜
2024-02-24,Yes,No,No,No,,19,9,3,Great! ğŸŒŸ
2024-02-25,No,Yes,No,No,No,19,10,8,Happy ğŸ˜Š
2024-02-26,No,Yes,No,No,No,5,7,4,Happy ğŸ˜Š
2024-02-27,Yes,Yes,Yes,No,Yes,10,3,3,Tired ğŸ˜´
2024-02-28,Yes,Yes,Yes,Yes,No,0,8,9,Happy ğŸ˜Š
2024-02-29,No,No,Yes,Yes,No,16,9,10,Meh ğŸ˜
2024-03-01,Yes,Yes,Yes,No,No,7,6,8,Great! ğŸŒŸ
2024-03-02,Yes,Yes,No,No,Yes,17,4,5,Meh ğŸ˜
2024-03-03,No,No,No,No,No,17,7,3,Energetic âš¡
2024-03-04,Yes,No,Yes,No,Yes,3,1,12,Tired ğŸ˜´
2024-03-05,Yes,No,No,No,No,9,1,12,Great! ğŸŒŸ
2024-03-06,Yes,No,No,No,Yes,7,2,5,Energetic âš¡
2024-03-07,Yes,No,Yes,Yes,Yes,18,2,10,Meh ğŸ˜
2024-03-08,Yes,No,No,No,Yes,12,1,7,Tired ğŸ˜´
2024-03-09,Yes,Yes,No,No,No,14,1,10,Happy ğŸ˜Š
2024-03-10,Yes,Yes,No,Yes,Yes,10,0,11,Energetic âš¡
2024-03-11,Yes,Yes,Yes,No,No,6,9,3,
2024-03-12,Yes,Yes,Yes,Yes,Yes,0,12,8,Happy ğŸ˜Š
2024-03-13,Yes,Yes,No,,No,14,4,11,Happy ğŸ˜Š
2024-03-14,No,Yes,Yes,Yes,Yes,5,10,6,Tired ğŸ˜´
2024-03-15,Yes,Yes,No,No,No,13,8,11,Great! ğŸŒŸ
2024-03-16,No,Yes,Yes,No,No,,0,12,Great! ğŸŒŸ
2024-03-17,No,No,No,Yes,No,6,3,9,Great! ğŸŒŸ
2024-03-18,Yes,Yes,Yes,No,Yes,19,3,3,Meh ğŸ˜
2024-03-19,No,Yes,Yes,No,Yes,0,2,9,Happy ğŸ˜Š
2024-03-20,Yes,Yes,No,No,No,0,11,5,Energetic âš¡
2024-03-21,Yes,Yes,No,No,Yes,5,4,4,Energetic âš¡
2024-03-22,No,Yes,No,No,No,8,11,,Energetic âš¡
2024-03-23,No,Yes,Yes,No,No,16,4,5,Happy ğŸ˜Š
2024-03-24,Yes,No,No,Yes,Yes,11,10,8,Tired ğŸ˜´
2024-03-25,Yes,Yes,Yes,No,No,16,7,12,Energetic âš¡
2024-03-26,No,Yes,Yes,No,No,12,6,10,Meh ğŸ˜
2024-03-27,Yes,No,Yes,No,Yes,3,1,9,Meh ğŸ˜
2024-03-28,Yes,Yes,No,Yes,Yes,15,,4,Energetic âš¡
2024-03-29,Yes,Yes,Yes,No,No,6,6,12,Great! ğŸŒŸ
2024-03-30,Yes,No,Yes,Yes,No,13,1,7,Great! ğŸŒŸ
2024-03-31,No,Yes,Yes,Yes,No,14,9,11,Tired ğŸ˜´
2024-04-01,Yes,No,No,Yes,Yes,3,9,3,Happy ğŸ˜Š
2024-04-02,Yes,Yes,Yes,No,No,3,6,4,Energetic âš¡
2024-04-03,Yes,Yes,Yes,No,Yes,5,1,6,Tired ğŸ˜´
2024-04-04,Yes,No,Yes,No,No,10,9,10,Great! ğŸŒŸ
2024-04-05,No,No,Yes,No,No,11,11,10,Energetic âš¡
2024-04-06,No,Yes,No,No,Yes,10,2,3,Happy ğŸ˜Š
2024-04-07,Yes,Yes,Yes,No,Yes,4,10,9,Happy ğŸ˜Š
2024-04-08,Yes,Yes,Yes,No,No,20,2,8,Great! ğŸŒŸ
2024-04-09,Yes,Yes,Yes,Yes,No,19,6,3,Happy ğŸ˜Š
2024-04-10,Yes,Yes,Yes,Yes,No,14,11,11,Meh ğŸ˜
2024-04-11,Yes,Yes,Yes,No,No,16,5,12,Energetic âš¡
2024-04-12,Yes,No,Yes,Yes,No,0,11,9,Energetic âš¡
2024-04-13,No,No,Yes,No,Yes,8,6,6,Happy ğŸ˜Š
2024-04-14,Yes,Yes,Yes,Yes,Yes,,11,10,Great! ğŸŒŸ
2024-04-15,No,No,No,Yes,Yes,14,0,8,Great! ğŸŒŸ
2024-04-16,Yes,No,No,No,No,13,5,4,Meh ğŸ˜
2024-04-17,Yes,Yes,Yes,Yes,Yes,2,,7,Meh ğŸ˜
2024-04-18,Yes,Yes,Yes,Yes,Yes,19,7,10,Tired ğŸ˜´
2024-04-19,No,Yes,No,Yes,No,13,1,8,Tired ğŸ˜´
2024-04-20,Yes,Yes,Yes,No,No,16,11,11,Meh ğŸ˜
2024-04-21,No,No,Yes,No,No,13,10,12,Meh ğŸ˜
2024-04-22,Yes,Yes,Yes,No,Yes,5,10,6,Tired ğŸ˜´
2024-04-23,Yes,No,Yes,No,Yes,1,10,4,Happy ğŸ˜Š
2024-04-24,,Yes,Yes,No,No,18,12,12,Tired ğŸ˜´
2024-04-25,Yes,Yes,Yes,No,No,5,11,12,Energetic âš¡
2024-04-26,Yes,Yes,Yes,No,No,5,7,6,Happy ğŸ˜Š
2024-04-27,Yes,Yes,Yes,No,Yes,19,8,4,Happy ğŸ˜Š
2024-04-28,Yes,Yes,Yes,No,No,2,6,6,Meh ğŸ˜
2024-04-29,Yes,Yes,Yes,No,No,15,7,7,Happy ğŸ˜Š
2024-04-30,Yes,Yes,Yes,Yes,No,20,7,11,Great! ğŸŒŸ
2024-05-01,Yes,Yes,Yes,No,No,7,7,3,Tired ğŸ˜´
2024-05-02,Yes,No,No,No,No,1,2,11,Tired ğŸ˜´
2024-05-03,No,No,No,No,No,18,3,5,Meh ğŸ˜
2024-05-04,No,No,No,Yes,No,12,8,7,Great! ğŸŒŸ
2024-05-05,Yes,Yes,No,No,Yes,6,6,9,Energetic âš¡
2024-05-06,Yes,Yes,Yes,Yes,No,14,10,10,Meh ğŸ˜
2024-05-07,No,Yes,Yes,Yes,No,11,3,6,Tired ğŸ˜´
2024-05-08,Yes,Yes,Yes,No,No,16,5,11,Great! ğŸŒŸ
2024-05-09,Yes,No,Yes,No,Yes,3,11,7,Happy ğŸ˜Š
2024-05-10,No,Yes,Yes,Yes,No,18,8,7,Great! ğŸŒŸ
2024-05-11,Yes,Yes,Yes,Yes,Yes,2,11,8,Meh ğŸ˜
2024-05-12,No,Yes,No,Yes,No,18,7,10,Great! ğŸŒŸ
2024-05-13,Yes,Yes,No,No,No,13,6,10,Energetic âš¡
2024-05-14,Yes,No,Yes,No,Yes,6,12,5,Meh ğŸ˜
2024-05-15,,Yes,Yes,No,No,15,2,11,Meh ğŸ˜
2024-05-16,No,Yes,No,No,No,16,12,6,Tired ğŸ˜´
2024-05-17,Yes,No,Yes,No,Yes,3,6,5,Tired ğŸ˜´
2024-05-18,Yes,Yes,Yes,No,No,20,2,5,Happy ğŸ˜Š
2024-05-19,No,No,Yes,No,No,19,0,7,Happy ğŸ˜Š
2024-05-20,Yes,Yes,Yes,Yes,Yes,9,4,3,Meh ğŸ˜
2024-05-21,No,Yes,Yes,Yes,No,3,11,10,Great! ğŸŒŸ
2024-05-22,Yes,Yes,Yes,Yes,No,7,0,5,Energetic âš¡
2024-05-23,Yes,Yes,Yes,Yes,Yes,19,12,6,Meh ğŸ˜
2024-05-24,Yes,Yes,Yes,No,Yes,9,0,10,Happy ğŸ˜Š
2024-05-25,Yes,No,Yes,No,Yes,9,2,5,Meh ğŸ˜
2024-05-26,No,No,Yes,No,No,6,2,3,Tired ğŸ˜´
2024-05-27,Yes,Yes,Yes,Yes,Yes,10,6,4,Great! ğŸŒŸ
2024-05-28,Yes,No,Yes,No,No,8,9,7,Great! ğŸŒŸ
2024-05-29,Yes,Yes,Yes,Yes,No,12,8,9,Tired ğŸ˜´
2024-05-30,Yes,Yes,Yes,Yes,Yes,14,4,4,Energetic âš¡
2024-05-31,Yes,Yes,Yes,Yes,Yes,2,12,10,Great! ğŸŒŸ
2024-06-01,Yes,Yes,Yes,No,No,9,2,7,Energetic âš¡
2024-06-02,Yes,No,Yes,No,Yes,9,1,3,Happy ğŸ˜Š
2024-06-03,Yes,Yes,Yes,No,No,17,8,11,Happy ğŸ˜Š
2024-06-04,Yes,Yes,No,No,No,10,2,12,Great! ğŸŒŸ
2024-06-05,No,Yes,No,Yes,Yes,12,6,6,Happy ğŸ˜Š
2024-06-06,No,Yes,Yes,No,Yes,12,0,4,Meh ğŸ˜
2024-06-07,No,Yes,No,No,Yes,13,7,5,Energetic âš¡
2024-06-08,No,No,No,No,Yes,6,4,12,Meh ğŸ˜
2024-06-09,Yes,Yes,,No,Yes,20,5,4,Happy ğŸ˜Š
2024-06-10,No,No,Yes,Yes,Yes,20,7,9,Great! ğŸŒŸ
2024-06-11,No,Yes,Yes,No,No,15,0,7,Meh ğŸ˜
2024-06-12,No,No,No,No,No,14,9,7,Tired ğŸ˜´
2024-06-13,No,No,Yes,No,No,20,3,8,Happy ğŸ˜Š
2024-06-14,No,Yes,Yes,No,No,1,0,4,Meh ğŸ˜
2024-06-15,Yes,Yes,Yes,Yes,No,6,1,9,Meh ğŸ˜
2024-06-16,Yes,Yes,No,No,No,13,7,10,Happy ğŸ˜Š
2024-06-17,Yes,Yes,Yes,Yes,No,9,0,7,Great! ğŸŒŸ
2024-06-18,No,Yes,No,No,No,17,2,12,Tired ğŸ˜´
2024-06-19,Yes,No,No,Yes,No,12,8,6,Tired ğŸ˜´
2024-06-20,Yes,No,No,No,No,15,0,6,Energetic âš¡
2024-06-21,Yes,Yes,No,No,Yes,3,9,11,Tired ğŸ˜´
2024-06-22,Yes,Yes,Yes,Yes,No,2,9,3,Energetic âš¡
2024-06-23,No,Yes,Yes,Yes,No,5,12,6,Great! ğŸŒŸ
2024-06-24,Yes,Yes,Yes,No,Yes,15,12,5,Great! ğŸŒŸ
2024-06-25,No,Yes,Yes,No,Yes,16,9,4,Tired ğŸ˜´
2024-06-26,No,Yes,Yes,No,No,19,1,3,Tired ğŸ˜´
2024-06-27,No,Yes,Yes,Yes,Yes,12,10,11,Happy ğŸ˜Š
2024-06-28,Yes,Yes,Yes,No,No,3,11,3,Energetic âš¡
2024-06-29,Yes,No,Yes,No,No,1,4,6,Great! ğŸŒŸ
2024-06-30,No,Yes,Yes,No,No,20,3,8,Happy ğŸ˜Š
2024-07-01,No,Yes,Yes,No,No,18,0,10,Happy ğŸ˜Š
2024-07-02,No,Yes,Yes,Yes,No,14,12,6,Happy ğŸ˜Š
2024-07-03,Yes,No,Yes,No,Yes,12,7,4,Energetic âš¡
2024-07-04,Yes,Yes,Yes,No,No,15,10,10,Happy ğŸ˜Š
2024-07-05,Yes,Yes,Yes,No,Yes,9,11,11,Energetic âš¡
2024-07-06,Yes,Yes,No,No,No,7,7,3,Happy ğŸ˜Š
2024-07-07,No,Yes,Yes,Yes,No,,8,10,Meh ğŸ˜
2024-07-08,Yes,Yes,No,No,No,20,9,4,Energetic âš¡
2024-07-09,Yes,Yes,Yes,No,No,19,12,12,Meh ğŸ˜
2024-07-10,Yes,No,Yes,No,Yes,18,7,6,Energetic âš¡
2024-07-11,No,Yes,Yes,No,No,13,3,6,Happy ğŸ˜Š
2024-07-12,Yes,Yes,Yes,No,No,1,2,9,Energetic âš¡
2024-07-13,Yes,Yes,Yes,No,No,1,10,6,Great! ğŸŒŸ
2024-07-14,Yes,Yes,No,Yes,No,10,3,6,Tired ğŸ˜´
2024-07-15,Yes,Yes,No,No,Yes,15,11,7,Great! ğŸŒŸ
2024-07-16,No,No,No,No,No,1,2,11,Happy ğŸ˜Š
2024-07-17,Yes,Yes,Yes,No,Yes,15,0,10,Great! ğŸŒŸ
2024-07-18,Yes,Yes,Yes,No,No,2,6,7,Tired ğŸ˜´
2024-07-19,Yes,Yes,Yes,No,No,1,3,12,Happy ğŸ˜Š
2024-07-20,No,Yes,Yes,No,No,7,6,3,Energetic âš¡
2024-07-21,Yes,Yes,Yes,Yes,Yes,19,10,7,Meh ğŸ˜
2024-07-22,Yes,Yes,No,Yes,No,5,0,4,Tired ğŸ˜´
2024-07-23,No,Yes,Yes,Yes,No,7,12,5,Energetic âš¡
2024-07-24,Yes,Yes,No,No,No,4,9,6,Happy ğŸ˜Š
2024-07-25,Yes,Yes,Yes,No,Yes,2,1,12,Great! ğŸŒŸ
2024-07-26,Yes,Yes,Yes,,Yes,19,8,11,Meh ğŸ˜
2024-07-27,Yes,Yes,Yes,No,No,16,1,8,Tired ğŸ˜´
2024-07-28,No,Yes,Yes,No,Yes,5,8,8,Happy ğŸ˜Š
2024-07-29,No,No,Yes,No,No,14,7,6,Great! ğŸŒŸ
2024-07-30,Yes,Yes,Yes,No,No,11,4,8,Great! ğŸŒŸ
2024-07-31,No,Yes,Yes,No,Yes,1,4,10,Energetic âš¡
2024-08-01,Yes,Yes,No,No,No,8,2,5,Great! ğŸŒŸ
2024-08-02,Yes,Yes,,No,Yes,14,4,5,Happy ğŸ˜Š
2024-08-03,Yes,No,No,Yes,No,0,12,11,Tired ğŸ˜´
2024-08-04,Yes,Yes,Yes,No,Yes,18,4,9,Great! ğŸŒŸ
2024-08-05,Yes,Yes,Yes,No,No,16,4,3,Great! ğŸŒŸ
2024-08-06,Yes,Yes,No,Yes,No,14,9,12,Energetic âš¡
2024-08-07,No,No,No,No,No,4,9,5,Happy ğŸ˜Š
2024-08-08,,Yes,Yes,No,No,6,5,10,Tired ğŸ˜´
2024-08-09,No,Yes,Yes,Yes,Yes,11,8,12,Tired ğŸ˜´
2024-08-10,Yes,Yes,No,No,No,2,0,5,Energetic âš¡
2024-08-11,Yes,Yes,Yes,No,No,7,12,8,Great! ğŸŒŸ
2024-08-12,Yes,Yes,Yes,No,No,8,11,,Meh ğŸ˜
2024-08-13,Yes,Yes,Yes,Yes,Yes,14,9,8,Energetic âš¡
2024-08-14,No,No,Yes,No,Yes,0,3,4,Great! ğŸŒŸ
2024-08-15,Yes,Yes,Yes,No,No,1,8,4,Meh ğŸ˜
2024-08-16,Yes,Yes,No,No,No,5,0,12,Tired ğŸ˜´
2024-08-17,Yes,Yes,No,No,No,19,8,3,Happy ğŸ˜Š
2024-08-18,Yes,Yes,Yes,No,No,5,1,6,Meh ğŸ˜
2024-08-19,No,Yes,Yes,No,Yes,6,11,12,Tired ğŸ˜´
2024-08-20,No,Yes,No,No,No,3,5,3,Meh ğŸ˜
2024-08-21,No,Yes,No,No,No,8,0,4,Happy ğŸ˜Š
2024-08-22,No,Yes,Yes,No,No,6,10,6,Tired ğŸ˜´
2024-08-23,Yes,Yes,Yes,No,No,16,1,5,Energetic âš¡
2024-08-24,No,Yes,Yes,Yes,Yes,9,2,10,Meh ğŸ˜
2024-08-25,No,No,Yes,No,No,17,5,8,Great! ğŸŒŸ
2024-08-26,No,Yes,No,Yes,No,17,3,6,Great! ğŸŒŸ
2024-08-27,Yes,Yes,Yes,No,Yes,0,3,12,Meh ğŸ˜
2024-08-28,No,No,Yes,No,No,2,8,8,Happy ğŸ˜Š
2024-08-29,Yes,Yes,Yes,No,No,10,1,4,Great! ğŸŒŸ
2024-08-30,No,Yes,Yes,No,Yes,11,8,7,Energetic âš¡
2024-08-31,Yes,No,,No,No,0,4,7,Great! ğŸŒŸ
2024-09-01,No,Yes,Yes,No,No,9,6,4,Tired ğŸ˜´
2024-09-02,Yes,No,Yes,No,No,6,7,6,Tired ğŸ˜´
2024-09-03,Yes,No,Yes,No,No,3,1,12,Meh ğŸ˜
2024-09-04,Yes,Yes,Yes,No,Yes,18,2,9,Happy ğŸ˜Š
2024-09-05,Yes,Yes,Yes,No,No,8,4,4,Happy ğŸ˜Š
2024-09-06,No,Yes,Yes,No,No,8,9,5,Meh ğŸ˜
2024-09-07,No,Yes,No,No,Yes,6,10,6,Meh ğŸ˜
2024-09-08,No,Yes,Yes,Yes,No,15,11,5,Happy ğŸ˜Š
2024-09-09,Yes,Yes,No,No,Yes,1,6,5,Happy ğŸ˜Š
2024-09-10,No,Yes,Yes,Yes,No,11,11,9,Happy ğŸ˜Š
2024-09-11,No,No,Yes,No,No,9,11,9,Energetic âš¡
2024-09-12,Yes,No,No,No,Yes,5,7,7,Meh ğŸ˜
2024-09-13,No,Yes,Yes,No,No,19,6,9,Energetic âš¡
2024-09-14,Yes,Yes,Yes,No,No,7,5,3,Happy ğŸ˜Š
2024-09-15,No,No,Yes,No,No,15,3,5,Energetic âš¡
2024-09-16,No,Yes,,No,Yes,9,12,7,Happy ğŸ˜Š
2024-09-17,No,No,Yes,No,No,10,2,7,Tired ğŸ˜´
2024-09-18,Yes,Yes,Yes,Yes,Yes,1,5,9,Energetic âš¡
2024-09-19,Yes,No,Yes,No,No,,12,12,Energetic âš¡
2024-09-20,Yes,Yes,Yes,No,No,15,6,4,Tired ğŸ˜´
2024-09-21,Yes,Yes,No,No,No,11,4,6,Meh ğŸ˜
2024-09-22,Yes,No,Yes,No,Yes,9,0,3,Meh ğŸ˜
2024-09-23,Yes,Yes,Yes,No,No,13,1,7,Happy ğŸ˜Š
2024-09-24,Yes,Yes,Yes,No,No,13,8,3,Tired ğŸ˜´
2024-09-25,Yes,Yes,Yes,Yes,No,3,0,6,Energetic âš¡
2024-09-26,No,No,Yes,No,Yes,11,4,6,Energetic âš¡
2024-09-27,No,Yes,No,Yes,No,,4,4,Meh ğŸ˜
2024-09-28,No,Yes,Yes,Yes,Yes,8,11,4,Energetic âš¡
2024-09-29,Yes,No,Yes,No,Yes,1,4,3,Tired ğŸ˜´
2024-09-30,Yes,Yes,Yes,No,No,2,2,6,Tired ğŸ˜´
2024-10-01,No,Yes,Yes,Yes,Yes,20,8,6,Meh ğŸ˜
2024-10-02,No,No,Yes,No,,13,7,12,Energetic âš¡
2024-10-03,Yes,No,Yes,,No,12,10,6,Tired ğŸ˜´
2024-10-04,Yes,Yes,Yes,No,Yes,14,3,12,Happy ğŸ˜Š
2024-10-05,Yes,Yes,No,No,Yes,0,4,12,Tired ğŸ˜´
2024-10-06,Yes,No,Yes,Yes,No,7,1,7,Tired ğŸ˜´
2024-10-07,No,Yes,Yes,No,No,10,12,4,Energetic âš¡
2024-10-08,Yes,Yes,No,No,No,4,0,7,Great! ğŸŒŸ
2024-10-09,No,Yes,Yes,Yes,No,13,7,12,Meh ğŸ˜
2024-10-10,No,Yes,Yes,Yes,No,17,8,9,Meh ğŸ˜
2024-10-11,Yes,Yes,No,No,No,0,0,3,Happy ğŸ˜Š
2024-10-12,Yes,No,Yes,No,Yes,15,6,12,Tired ğŸ˜´
2024-10-13,Yes,Yes,Yes,No,Yes,20,2,9,Tired ğŸ˜´
2024-10-14,Yes,Yes,No,Yes,No,11,12,10,Happy ğŸ˜Š
2024-10-15,Yes,Yes,Yes,Yes,Yes,0,1,8,Tired ğŸ˜´
2024-10-16,Yes,Yes,Yes,No,No,12,7,4,Energetic âš¡
2024-10-17,Yes,Yes,No,No,No,15,8,5,Meh ğŸ˜
2024-10-18,Yes,Yes,Yes,No,No,20,1,10,Tired ğŸ˜´
2024-10-19,No,,Yes,Yes,No,15,10,8,Energetic âš¡
2024-10-20,Yes,Yes,Yes,No,No,13,12,9,Tired ğŸ˜´
2024-10-21,Yes,Yes,Yes,No,No,2,1,5,Tired ğŸ˜´
2024-10-22,No,Yes,Yes,No,No,17,9,8,Tired ğŸ˜´
2024-10-23,Yes,Yes,No,No,No,19,8,5,Great! ğŸŒŸ
2024-10-24,No,No,Yes,No,No,3,11,3,Meh ğŸ˜
2024-10-25,Yes,No,Yes,No,Yes,8,3,10,Meh ğŸ˜
2024-10-26,No,Yes,Yes,No,No,16,8,4,Great! ğŸŒŸ
2024-10-27,No,No,No,No,Yes,8,4,9,Happy ğŸ˜Š
2024-10-28,Yes,No,Yes,Yes,No,7,5,4,Energetic âš¡
2024-10-29,No,No,Yes,No,No,16,12,8,Energetic âš¡
2024-10-30,No,Yes,No,No,No,17,7,7,Happy ğŸ˜Š
2024-10-31,No,Yes,Yes,No,No,1,2,7,Energetic âš¡
2024-11-01,No,Yes,Yes,No,No,5,6,8,Meh ğŸ˜
2024-11-02,Yes,Yes,Yes,No,Yes,17,3,12,Great! ğŸŒŸ
2024-11-03,No,Yes,No,No,,15,12,9,Tired ğŸ˜´
2024-11-04,No,Yes,No,Yes,No,6,10,3,Energetic âš¡
2024-11-05,Yes,Yes,Yes,No,No,16,5,3,Happy ğŸ˜Š
2024-11-06,No,No,Yes,No,Yes,18,5,6,Energetic âš¡
2024-11-07,Yes,Yes,Yes,Yes,No,8,4,8,Great! ğŸŒŸ
2024-11-08,Yes,Yes,Yes,Yes,No,13,9,9,Energetic âš¡
2024-11-09,No,Yes,No,No,No,9,8,5,Happy ğŸ˜Š
2024-11-10,Yes,Yes,Yes,No,No,11,6,8,Meh ğŸ˜
2024-11-11,No,Yes,Yes,Yes,No,13,4,5,Meh ğŸ˜
2024-11-12,Yes,Yes,Yes,No,Yes,4,1,3,Energetic âš¡
2024-11-13,No,Yes,Yes,No,Yes,16,4,11,Tired ğŸ˜´
2024-11-14,Yes,Yes,Yes,No,No,8,7,11,Meh ğŸ˜
2024-11-15,Yes,Yes,Yes,No,No,0,3,5,Happy ğŸ˜Š
2024-11-16,Yes,No,Yes,No,Yes,10,4,7,Happy ğŸ˜Š
2024-11-17,Yes,Yes,Yes,No,No,9,1,6,Great! ğŸŒŸ
2024-11-18,No,Yes,Yes,No,Yes,11,4,9,Great! ğŸŒŸ
2024-11-19,Yes,No,Yes,Yes,No,16,,7,Meh ğŸ˜
2024-11-20,No,Yes,Yes,No,No,4,5,6,Great! ğŸŒŸ
2024-11-21,Yes,Yes,Yes,No,No,2,10,3,Meh ğŸ˜
2024-11-22,Yes,No,Yes,Yes,No,2,2,6,Happy ğŸ˜Š
2024-11-23,Yes,Yes,Yes,No,No,14,8,12,Energetic âš¡
2024-11-24,No,Yes,No,No,No,10,4,10,Tired ğŸ˜´
2024-11-25,Yes,Yes,Yes,Yes,No,5,11,12,Happy ğŸ˜Š
2024-11-26,Yes,Yes,Yes,No,No,17,7,9,Meh ğŸ˜
2024-11-27,No,Yes,Yes,No,Yes,6,3,6,Great! ğŸŒŸ
2024-11-28,No,Yes,No,Yes,Yes,9,7,12,Great! ğŸŒŸ
2024-11-29,No,Yes,Yes,No,No,0,3,8,Great! ğŸŒŸ
2024-11-30,Yes,Yes,Yes,Yes,No,15,9,4,Tired ğŸ˜´
2024-12-01,No,Yes,Yes,Yes,No,10,4,12,Tired ğŸ˜´
2024-12-02,No,Yes,Yes,No,No,6,8,8,Great! ğŸŒŸ
2024-12-03,Yes,No,Yes,No,Yes,11,7,10,Great! ğŸŒŸ
2024-12-04,Yes,Yes,Yes,Yes,No,3,5,9,Happy ğŸ˜Š
2024-12-05,Yes,Yes,Yes,No,No,6,6,5,Energetic âš¡
2024-12-06,Yes,Yes,Yes,No,No,14,1,5,Happy ğŸ˜Š
2024-12-07,Yes,Yes,Yes,No,Yes,9,9,3,Great! ğŸŒŸ
2024-12-08,Yes,Yes,Yes,No,Yes,17,6,6,Tired ğŸ˜´
2024-12-09,No,Yes,No,No,No,15,5,9,Tired ğŸ˜´
2024-12-10,No,Yes,Yes,Yes,Yes,2,10,12,Great! ğŸŒŸ
2024-12-11,Yes,Yes,Yes,No,No,18,10,11,Energetic âš¡
2024-12-12,Yes,Yes,Yes,No,No,13,9,12,Meh ğŸ˜
2024-12-13,No,No,No,Yes,No,8,7,,Meh ğŸ˜
2024-12-14,Yes,Yes,Yes,Yes,No,7,6,3,Great! ğŸŒŸ
2024-12-15,Yes,No,No,No,No,0,9,4,Happy ğŸ˜Š
2024-12-16,Yes,Yes,Yes,No,No,13,10,4,Tired ğŸ˜´
2024-12-17,No,No,No,No,No,16,2,5,Meh ğŸ˜
2024-12-18,No,Yes,Yes,Yes,No,16,11,6,Happy ğŸ˜Š
2024-12-19,No,No,No,No,No,11,10,8,Great! ğŸŒŸ
2024-12-20,Yes,No,Yes,Yes,No,3,9,6,Energetic âš¡
2024-12-21,Yes,Yes,Yes,No,Yes,18,5,12,Great! ğŸŒŸ
2024-12-22,Yes,No,No,Yes,Yes,14,5,8,Great! ğŸŒŸ
2024-12-23,Yes,No,No,No,No,6,9,7,Great! ğŸŒŸ
2024-12-24,Yes,Yes,Yes,No,No,18,8,11,Tired ğŸ˜´
2024-12-25,Yes,Yes,Yes,No,No,10,8,3,Energetic âš¡
2024-12-26,Yes,Yes,Yes,No,Yes,14,7,4,Happy ğŸ˜Š
2024-12-27,No,Yes,Yes,No,No,6,9,10,Meh ğŸ˜
2024-12-28,No,Yes,No,No,No,16,8,5,Happy ğŸ˜Š
2024-12-29,Yes,Yes,Yes,No,No,18,5,7,Tired ğŸ˜´
2024-12-30,Yes,Yes,Yes,No,Yes,11,0,10,Energetic âš¡
2024-12-31,,Yes,Yes,No,No,9,9,6,Happy ğŸ˜Š
2025-01-01,Yes,Yes,No,No,No,5,10,5,Great! ğŸŒŸ
2025-01-02,Yes,No,No,,Yes,6,10,11,Meh ğŸ˜
2025-01-03,Yes,Yes,No,No,No,2,1,4,Great! ğŸŒŸ
2025-01-04,No,No,No,No,No,10,0,10,Meh ğŸ˜
2025-01-05,Yes,Yes,Yes,No,No,4,10,5,Happy ğŸ˜Š
2025-01-06,No,No,Yes,Yes,No,13,2,4,Great! ğŸŒŸ
2025-01-07,Yes,No,No,No,No,11,5,5,Tired ğŸ˜´
2025-01-08,Yes,No,Yes,Yes,Yes,18,5,6,Tired ğŸ˜´
2025-01-09,No,Yes,Yes,No,No,6,2,12,Great! ğŸŒŸ
2025-01-10,No,Yes,Yes,Yes,No,4,8,7,Energetic âš¡
2025-01-11,Yes,Yes,Yes,No,Yes,10,8,6,Meh ğŸ˜
2025-01-12,Yes,Yes,No,Yes,No,2,8,5,Tired ğŸ˜´
2025-01-13,Yes,Yes,No,No,Yes,10,5,6,Energetic âš¡
2025-01-14,Yes,Yes,No,No,Yes,3,4,10,Happy ğŸ˜Š
2025-01-15,Yes,No,Yes,Yes,No,13,11,7,Happy ğŸ˜Š
2025-01-16,Yes,No,Yes,No,No,5,10,9,Great! ğŸŒŸ
2025-01-17,No,Yes,No,Yes,Yes,13,3,11,Great! ğŸŒŸ
2025-01-18,Yes,Yes,Yes,No,No,7,11,3,Happy ğŸ˜Š
2025-01-19,No,Yes,No,Yes,Yes,0,12,5,Meh ğŸ˜
2025-01-20,Yes,Yes,Yes,No,No,20,2,8,Great! ğŸŒŸ
2025-01-21,Yes,Yes,Yes,No,No,1,2,7,Meh ğŸ˜
2025-01-22,Yes,No,Yes,No,Yes,11,10,12,Happy ğŸ˜Š
2025-01-23,Yes,No,Yes,Yes,No,6,4,6,Energetic âš¡
2025-01-24,Yes,Yes,Yes,Yes,No,15,6,3,Great! ğŸŒŸ
2025-01-25,Yes,Yes,Yes,No,No,10,3,5,Tired ğŸ˜´
2025-01-26,No,Yes,Yes,No,Yes,18,1,6,Energetic âš¡
2025-01-27,No,Yes,No,No,Yes,7,6,11,Happy ğŸ˜Š
2025-01-28,Yes,Yes,Yes,Yes,No,14,0,9,Happy ğŸ˜Š
2025-01-29,Yes,Yes,No,Yes,No,15,6,12,Energetic âš¡
2025-01-30,No,Yes,Yes,Yes,No,9,3,12,Tired ğŸ˜´
2025-01-31,Yes,Yes,Yes,No,No,6,4,10,Great! ğŸŒŸ
2025-02-01,Yes,Yes,Yes,Yes,No,7,5,7,Happy ğŸ˜Š
2025-02-02,Yes,No,No,No,No,7,8,12,Tired ğŸ˜´
2025-02-03,Yes,Yes,Yes,Yes,No,2,5,4,Tired ğŸ˜´
2025-02-04,Yes,No,Yes,No,Yes,3,6,9,Energetic âš¡
2025-02-05,No,Yes,No,No,No,2,1,12,Energetic âš¡
2025-02-06,Yes,Yes,Yes,No,No,10,7,8,Meh ğŸ˜
2025-02-07,Yes,Yes,Yes,No,Yes,3,5,6,Energetic âš¡
2025-02-08,Yes,No,Yes,No,No,12,7,10,Meh ğŸ˜
2025-02-09,No,Yes,Yes,No,No,7,5,6,Happy ğŸ˜Š
2025-02-10,No,Yes,Yes,Yes,No,5,7,10,Energetic âš¡
2025-02-11,No,Yes,No,No,,6,1,5,Great! ğŸŒŸ
2025-02-12,No,Yes,Yes,No,No,18,4,9,Energetic âš¡
2025-02-13,Yes,Yes,No,No,No,10,3,9,Great! ğŸŒŸ
2025-02-14,No,No,Yes,No,Yes,5,10,6,Happy ğŸ˜Š
2025-02-15,Yes,Yes,Yes,No,No,19,12,4,Energetic âš¡
2025-02-16,Yes,Yes,Yes,No,No,4,11,8,Meh ğŸ˜
2025-02-17,Yes,No,No,Yes,No,19,0,11,Energetic âš¡
2025-02-18,No,Yes,Yes,Yes,Yes,12,5,3,Meh ğŸ˜
2025-02-19,Yes,Yes,Yes,No,No,11,5,4,Great! ğŸŒŸ
2025-02-20,Yes,Yes,Yes,Yes,No,12,5,12,Great! ğŸŒŸ
2025-02-21,Yes,No,Yes,No,Yes,1,4,5,Tired ğŸ˜´
2025-02-22,No,No,No,No,No,7,8,3,Tired ğŸ˜´
2025-02-23,No,Yes,Yes,No,Yes,17,10,8,Great! ğŸŒŸ
2025-02-24,No,Yes,No,Yes,Yes,7,12,3,Tired ğŸ˜´
2025-02-25,No,Yes,No,Yes,No,13,7,9,Energetic âš¡
2025-02-26,Yes,Yes,No,No,No,13,12,9,Energetic âš¡
2025-02-27,Yes,Yes,Yes,No,Yes,19,5,3,Meh ğŸ˜